sku_id_1,sku_id_2,warehouse_id,co_occurrence_count,lift_score,recommendation
AUT-000486,AUT-001647,DHL-WH-IL02,2,44.1212,Consider adjacent slotting — high co-pick frequency
CHM-001677,ELC-000934,DHL-WH-IL02,4,42.0,Consider adjacent slotting — high co-pick frequency
ELC-001094,FMC-001765,DHL-WH-IL02,2,40.4444,Consider adjacent slotting — high co-pick frequency
AUT-001624,ELC-001443,DHL-WH-IL02,3,39.7091,Consider adjacent slotting — high co-pick frequency
FSH-000121,HLT-000531,DHL-WH-IL02,2,39.7091,Consider adjacent slotting — high co-pick frequency
ELC-001943,IND-000577,DHL-WH-IL02,2,39.7091,Consider adjacent slotting — high co-pick frequency
FMC-001565,PHM-000745,DHL-WH-IL02,2,39.0,Consider adjacent slotting — high co-pick frequency
HLT-001334,IND-000839,DHL-WH-IL02,3,35.0374,Consider adjacent slotting — high co-pick frequency
AUT-001624,IND-001415,DHL-WH-IL02,3,35.0374,Consider adjacent slotting — high co-pick frequency
ELC-000697,FSH-001200,DHL-WH-IL02,2,33.6,Consider adjacent slotting — high co-pick frequency
ELC-000302,HLT-000692,DHL-WH-IL02,2,33.6,Consider adjacent slotting — high co-pick frequency
CHM-001811,ELC-000404,DHL-WH-IL02,2,33.0909,Consider adjacent slotting — high co-pick frequency
AUT-001624,CHM-000131,DHL-WH-IL02,2,33.0909,Consider adjacent slotting — high co-pick frequency
FMC-001568,FSH-001352,DHL-WH-IL02,2,32.3556,Consider adjacent slotting — high co-pick frequency
ELC-001906,FMC-001899,DHL-WH-IL02,2,32.3556,Consider adjacent slotting — high co-pick frequency
AUT-000344,PHM-001862,DHL-WH-IL02,4,32.1176,Consider adjacent slotting — high co-pick frequency
FSH-001426,IND-000006,DHL-WH-IL02,3,31.5,Consider adjacent slotting — high co-pick frequency
FMC-000444,FSH-000145,DHL-WH-IL02,3,31.5,Consider adjacent slotting — high co-pick frequency
ELC-000856,HLT-001334,DHL-WH-IL02,3,31.3493,Consider adjacent slotting — high co-pick frequency
ELC-001665,ELC-001986,DHL-WH-IL02,3,31.3493,Consider adjacent slotting — high co-pick frequency
ELC-001988,FMC-001381,DHL-WH-IL02,3,31.2,Consider adjacent slotting — high co-pick frequency
CHM-000814,HLT-000690,DHL-WH-IL02,2,31.2,Consider adjacent slotting — high co-pick frequency
FSH-000121,IND-000300,DHL-WH-IL02,2,31.2,Consider adjacent slotting — high co-pick frequency
AUT-000348,FMC-001202,DHL-WH-IL02,3,31.2,Consider adjacent slotting — high co-pick frequency
AUT-001789,FMC-001639,DHL-WH-IL02,3,31.2,Consider adjacent slotting — high co-pick frequency
CHM-000639,IND-000022,DHL-WH-IL02,3,31.2,Consider adjacent slotting — high co-pick frequency
CHM-001999,FMC-001785,DHL-WH-IL02,1,31.2,Consider adjacent slotting — high co-pick frequency
ELC-000673,HLT-000692,DHL-WH-IL02,4,30.5455,Consider adjacent slotting — high co-pick frequency
ELC-000404,HLT-001947,DHL-WH-IL02,2,30.5455,Consider adjacent slotting — high co-pick frequency
AUT-000585,ELC-000414,DHL-WH-IL02,2,30.5455,Consider adjacent slotting — high co-pick frequency
CHM-001132,ELC-000472,DHL-WH-IL02,2,30.5455,Consider adjacent slotting — high co-pick frequency
ELC-000561,FSH-000482,DHL-WH-IL02,2,30.3333,Consider adjacent slotting — high co-pick frequency
CHM-000213,PHM-000261,DHL-WH-IL02,3,30.3333,Consider adjacent slotting — high co-pick frequency
AUT-000486,PHM-000662,DHL-WH-IL02,1,30.3333,Consider adjacent slotting — high co-pick frequency
CHM-001811,HLT-000443,DHL-WH-IL02,2,30.3333,Consider adjacent slotting — high co-pick frequency
FSH-001352,IND-001517,DHL-WH-IL02,2,30.3333,Consider adjacent slotting — high co-pick frequency
FMC-001765,HLT-000967,DHL-WH-IL02,2,30.3333,Consider adjacent slotting — high co-pick frequency
FMC-000294,FMC-001877,DHL-WH-IL02,2,30.3333,Consider adjacent slotting — high co-pick frequency
AUT-000544,FMC-001010,DHL-WH-IL02,3,29.25,Consider adjacent slotting — high co-pick frequency
FMC-001573,PHM-000642,DHL-WH-IL02,2,29.12,Consider adjacent slotting — high co-pick frequency
ELC-001809,FMC-001341,DHL-WH-IL02,2,29.12,Consider adjacent slotting — high co-pick frequency
ELC-001943,HLT-001394,DHL-WH-IL02,2,29.12,Consider adjacent slotting — high co-pick frequency
FSH-000554,PHM-000745,DHL-WH-IL02,2,28.7368,Consider adjacent slotting — high co-pick frequency
CHM-001655,FMC-001628,DHL-WH-IL02,3,28.7368,Consider adjacent slotting — high co-pick frequency
PHM-000155,PHM-000745,DHL-WH-IL02,2,28.7368,Consider adjacent slotting — high co-pick frequency
ELC-000856,FMC-000674,DHL-WH-IL02,2,28.7368,Consider adjacent slotting — high co-pick frequency
ELC-000772,FMC-001899,DHL-WH-IL02,2,28.549,Consider adjacent slotting — high co-pick frequency
CHM-001808,CHM-001999,DHL-WH-IL02,3,28.487,Consider adjacent slotting — high co-pick frequency
ELC-001665,FMC-001588,DHL-WH-IL02,2,28.3636,Consider adjacent slotting — high co-pick frequency
CHM-000803,FSH-000881,DHL-WH-IL02,2,28.3636,Consider adjacent slotting — high co-pick frequency
FSH-000614,PHM-000084,DHL-WH-IL02,2,28.3636,Consider adjacent slotting — high co-pick frequency
FMC-001565,IND-000305,DHL-WH-IL02,2,28.3636,Consider adjacent slotting — high co-pick frequency
ELC-000883,PHM-001030,DHL-WH-IL02,2,28.0,Consider adjacent slotting — high co-pick frequency
HLT-000289,HLT-000354,DHL-WH-IL02,2,28.0,Consider adjacent slotting — high co-pick frequency
ELC-001611,FMC-001993,DHL-WH-IL02,2,28.0,Consider adjacent slotting — high co-pick frequency
FMC-001223,FSH-001352,DHL-WH-IL02,3,28.0,Consider adjacent slotting — high co-pick frequency
AUT-001201,HLT-000327,DHL-WH-IL02,3,28.0,Consider adjacent slotting — high co-pick frequency
ELC-000556,PHM-001948,DHL-WH-IL02,2,28.0,Consider adjacent slotting — high co-pick frequency
CHM-001001,IND-000910,DHL-WH-IL02,2,28.0,Consider adjacent slotting — high co-pick frequency
AUT-000843,IND-000006,DHL-WH-IL02,2,28.0,Consider adjacent slotting — high co-pick frequency
ELC-000556,FMC-000648,DHL-WH-IL02,2,28.0,Consider adjacent slotting — high co-pick frequency
HLT-001336,HLT-001909,DHL-WH-IL02,2,28.0,Consider adjacent slotting — high co-pick frequency
HLT-000818,IND-000924,DHL-WH-IL02,2,28.0,Consider adjacent slotting — high co-pick frequency
AUT-000585,FMC-001688,DHL-WH-IL02,3,28.0,Consider adjacent slotting — high co-pick frequency
FMC-000648,HLT-000263,DHL-WH-IL02,2,28.0,Consider adjacent slotting — high co-pick frequency
CHM-000932,IND-000568,DHL-WH-IL02,3,27.5294,Consider adjacent slotting — high co-pick frequency
ELC-000065,ELC-000376,DHL-WH-IL02,3,27.5294,Consider adjacent slotting — high co-pick frequency
ELC-001018,PHM-001930,DHL-WH-IL02,3,27.5294,Consider adjacent slotting — high co-pick frequency
CHM-001376,ELC-000895,DHL-WH-IL02,3,27.5294,Consider adjacent slotting — high co-pick frequency
FMC-001553,HLT-000708,DHL-WH-IL02,3,27.5294,Consider adjacent slotting — high co-pick frequency
FMC-000389,IND-001193,DHL-WH-IL02,3,27.5294,Consider adjacent slotting — high co-pick frequency
FMC-000707,PHM-001691,DHL-WH-IL02,3,27.3,Consider adjacent slotting — high co-pick frequency
HLT-000289,HLT-000308,DHL-WH-IL02,3,27.3,Consider adjacent slotting — high co-pick frequency
ELC-001463,ELC-001943,DHL-WH-IL02,2,27.3,Consider adjacent slotting — high co-pick frequency
ELC-001015,HLT-000785,DHL-WH-IL02,3,27.3,Consider adjacent slotting — high co-pick frequency
FMC-001202,HLT-001227,DHL-WH-IL02,3,27.3,Consider adjacent slotting — high co-pick frequency
FMC-000656,PHM-001442,DHL-WH-IL02,3,27.3,Consider adjacent slotting — high co-pick frequency
FMC-000197,PHM-000061,DHL-WH-IL02,2,27.3,Consider adjacent slotting — high co-pick frequency
CHM-001655,HLT-000312,DHL-WH-IL02,3,27.3,Consider adjacent slotting — high co-pick frequency
ELC-001094,IND-000188,DHL-WH-IL02,3,27.3,Consider adjacent slotting — high co-pick frequency
FMC-001341,PHM-000745,DHL-WH-IL02,1,27.3,Consider adjacent slotting — high co-pick frequency
AUT-001423,FMC-000674,DHL-WH-IL02,2,27.3,Consider adjacent slotting — high co-pick frequency
CHM-000412,PHM-000662,DHL-WH-IL02,2,27.3,Consider adjacent slotting — high co-pick frequency
FMC-001212,FSH-001200,DHL-WH-IL02,2,27.3,Consider adjacent slotting — high co-pick frequency
FMC-001785,HLT-000380,DHL-WH-IL02,2,27.1304,Consider adjacent slotting — high co-pick frequency
FSH-000881,HLT-000906,DHL-WH-IL02,3,27.0744,Consider adjacent slotting — high co-pick frequency
IND-001654,PHM-001682,DHL-WH-IL02,3,26.5263,Consider adjacent slotting — high co-pick frequency
IND-000062,IND-001548,DHL-WH-IL02,2,26.4727,Consider adjacent slotting — high co-pick frequency
IND-000062,PHM-000314,DHL-WH-IL02,2,26.4727,Consider adjacent slotting — high co-pick frequency
HLT-001334,PHM-000314,DHL-WH-IL02,2,26.4727,Consider adjacent slotting — high co-pick frequency
ELC-001665,ELC-001906,DHL-WH-IL02,2,26.4727,Consider adjacent slotting — high co-pick frequency
CHM-000607,IND-000577,DHL-WH-IL02,2,26.4727,Consider adjacent slotting — high co-pick frequency
AUT-001789,PHM-000084,DHL-WH-IL02,2,26.4727,Consider adjacent slotting — high co-pick frequency
ELC-000302,FMC-000271,DHL-WH-IL02,3,26.208,Consider adjacent slotting — high co-pick frequency
FMC-001381,HLT-001664,DHL-WH-IL02,2,26.0,Consider adjacent slotting — high co-pick frequency
FSH-000615,IND-000606,DHL-WH-IL02,3,26.0,Consider adjacent slotting — high co-pick frequency
AUT-000527,CHM-001158,DHL-WH-IL02,2,26.0,Consider adjacent slotting — high co-pick frequency
CHM-000793,PHM-001834,DHL-WH-IL02,2,26.0,Consider adjacent slotting — high co-pick frequency
CHM-001158,FMC-000778,DHL-WH-IL02,3,26.0,Consider adjacent slotting — high co-pick frequency
FMC-000587,FSH-001640,DHL-WH-IL02,3,26.0,Consider adjacent slotting — high co-pick frequency
IND-001260,PHM-001834,DHL-WH-IL02,2,26.0,Consider adjacent slotting — high co-pick frequency
AUT-000527,ELC-001360,DHL-WH-IL02,2,26.0,Consider adjacent slotting — high co-pick frequency
FMC-001381,IND-001124,DHL-WH-IL02,2,26.0,Consider adjacent slotting — high co-pick frequency
FMC-001402,FMC-001639,DHL-WH-IL02,3,26.0,Consider adjacent slotting — high co-pick frequency
AUT-000347,FMC-001785,DHL-WH-IL02,1,26.0,Consider adjacent slotting — high co-pick frequency
ELC-001194,FMC-000919,DHL-WH-IL02,2,26.0,Consider adjacent slotting — high co-pick frequency
CHM-000193,IND-001283,DHL-WH-IL02,2,26.0,Consider adjacent slotting — high co-pick frequency
HLT-000156,HLT-000882,DHL-WH-IL02,3,26.0,Consider adjacent slotting — high co-pick frequency
HLT-001531,PHM-000864,DHL-WH-IL02,4,26.0,Consider adjacent slotting — high co-pick frequency
FMC-001617,IND-001308,DHL-WH-IL02,3,26.0,Consider adjacent slotting — high co-pick frequency
FMC-000529,HLT-000443,DHL-WH-IL02,2,26.0,Consider adjacent slotting — high co-pick frequency
FMC-001553,FSH-000025,DHL-WH-IL02,3,26.0,Consider adjacent slotting — high co-pick frequency
ELC-001543,FSH-000500,DHL-WH-IL02,2,26.0,Consider adjacent slotting — high co-pick frequency
ELC-000106,ELC-001360,DHL-WH-IL02,2,26.0,Consider adjacent slotting — high co-pick frequency
FMC-000674,FMC-000915,DHL-WH-IL02,2,26.0,Consider adjacent slotting — high co-pick frequency
ELC-001097,FMC-001877,DHL-WH-IL02,2,26.0,Consider adjacent slotting — high co-pick frequency
ELC-001848,HLT-000354,DHL-WH-IL02,2,25.8462,Consider adjacent slotting — high co-pick frequency
AUT-001678,ELC-000697,DHL-WH-IL02,2,25.8462,Consider adjacent slotting — high co-pick frequency
HLT-000327,PHM-001071,DHL-WH-IL02,2,25.8462,Consider adjacent slotting — high co-pick frequency
ELC-001848,PHM-000436,DHL-WH-IL02,2,25.8462,Consider adjacent slotting — high co-pick frequency
HLT-000263,PHM-001769,DHL-WH-IL02,2,25.8462,Consider adjacent slotting — high co-pick frequency
FMC-000362,PHM-001071,DHL-WH-IL02,2,25.8462,Consider adjacent slotting — high co-pick frequency
FMC-000763,PHM-001256,DHL-WH-IL02,3,25.6941,Consider adjacent slotting — high co-pick frequency
FSH-001730,FSH-001917,DHL-WH-IL02,3,25.6941,Consider adjacent slotting — high co-pick frequency
ELC-001558,FMC-000411,DHL-WH-IL02,2,25.6941,Consider adjacent slotting — high co-pick frequency
CHM-001761,IND-000265,DHL-WH-IL02,3,25.6941,Consider adjacent slotting — high co-pick frequency
CHM-001999,IND-001415,DHL-WH-IL02,2,25.6941,Consider adjacent slotting — high co-pick frequency
FMC-001447,PHM-000310,DHL-WH-IL02,3,25.6941,Consider adjacent slotting — high co-pick frequency
CHM-001761,ELC-001943,DHL-WH-IL02,2,25.6941,Consider adjacent slotting — high co-pick frequency
FSH-000121,FSH-000335,DHL-WH-IL02,2,25.6941,Consider adjacent slotting — high co-pick frequency
ELC-000680,HLT-000034,DHL-WH-IL02,3,25.5938,Consider adjacent slotting — high co-pick frequency
HLT-000635,PHM-000564,DHL-WH-IL02,3,25.5938,Consider adjacent slotting — high co-pick frequency
AUT-000544,ELC-001536,DHL-WH-IL02,3,25.5938,Consider adjacent slotting — high co-pick frequency
FMC-000661,HLT-000182,DHL-WH-IL02,2,25.5439,Consider adjacent slotting — high co-pick frequency
FMC-001637,HLT-000206,DHL-WH-IL02,2,25.5439,Consider adjacent slotting — high co-pick frequency
FSH-001352,HLT-000559,DHL-WH-IL02,2,25.5439,Consider adjacent slotting — high co-pick frequency
AUT-000797,FMC-001765,DHL-WH-IL02,2,25.5439,Consider adjacent slotting — high co-pick frequency
AUT-001188,AUT-001772,DHL-WH-IL02,3,25.2,Consider adjacent slotting — high co-pick frequency
AUT-001775,FMC-001785,DHL-WH-IL02,2,24.96,Consider adjacent slotting — high co-pick frequency
AUT-001596,ELC-001665,DHL-WH-IL02,2,24.8182,Consider adjacent slotting — high co-pick frequency
FSH-001426,HLT-001978,DHL-WH-IL02,2,24.8182,Consider adjacent slotting — high co-pick frequency
FSH-001426,PHM-000248,DHL-WH-IL02,2,24.8182,Consider adjacent slotting — high co-pick frequency
CHM-000213,HLT-000410,DHL-WH-IL02,3,24.8182,Consider adjacent slotting — high co-pick frequency
ELC-001768,FMC-000468,DHL-WH-IL02,4,24.8182,Consider adjacent slotting — high co-pick frequency
ELC-000645,PHM-000662,DHL-WH-IL02,2,24.8182,Consider adjacent slotting — high co-pick frequency
HLT-000037,IND-000305,DHL-WH-IL02,2,24.8182,Consider adjacent slotting — high co-pick frequency
FSH-000145,IND-000062,DHL-WH-IL02,2,24.8182,Consider adjacent slotting — high co-pick frequency
FMC-000197,IND-000305,DHL-WH-IL02,2,24.8182,Consider adjacent slotting — high co-pick frequency
ELC-000829,PHM-000745,DHL-WH-IL02,1,24.8182,Consider adjacent slotting — high co-pick frequency
PHM-000662,PHM-000727,DHL-WH-IL02,2,24.8182,Consider adjacent slotting — high co-pick frequency
HLT-001978,IND-001900,DHL-WH-IL02,2,24.8182,Consider adjacent slotting — high co-pick frequency
FMC-000674,FMC-000993,DHL-WH-IL02,2,24.8182,Consider adjacent slotting — high co-pick frequency
ELC-000472,PHM-000745,DHL-WH-IL02,1,24.8182,Consider adjacent slotting — high co-pick frequency
AUT-000544,HLT-001334,DHL-WH-IL02,2,24.8182,Consider adjacent slotting — high co-pick frequency
HLT-001600,PHM-000231,DHL-WH-IL02,3,24.6316,Consider adjacent slotting — high co-pick frequency
CHM-000639,IND-000679,DHL-WH-IL02,3,24.6316,Consider adjacent slotting — high co-pick frequency
FMC-001553,HLT-000085,DHL-WH-IL02,3,24.6316,Consider adjacent slotting — high co-pick frequency
AUT-000303,PHM-000259,DHL-WH-IL02,3,24.6316,Consider adjacent slotting — high co-pick frequency
FMC-000520,FMC-001010,DHL-WH-IL02,3,24.6316,Consider adjacent slotting — high co-pick frequency
CHM-000260,ELC-001767,DHL-WH-IL02,3,24.6316,Consider adjacent slotting — high co-pick frequency
ELC-001080,HLT-000283,DHL-WH-IL02,3,24.6316,Consider adjacent slotting — high co-pick frequency
FMC-001027,IND-001134,DHL-WH-IL02,4,24.4706,Consider adjacent slotting — high co-pick frequency
FMC-001248,FSH-001835,DHL-WH-IL02,4,24.4706,Consider adjacent slotting — high co-pick frequency
CHM-000131,CHM-001607,DHL-WH-IL02,2,24.2667,Consider adjacent slotting — high co-pick frequency
ELC-000069,FSH-001403,DHL-WH-IL02,2,24.2667,Consider adjacent slotting — high co-pick frequency
ELC-001094,FMC-000716,DHL-WH-IL02,2,24.2667,Consider adjacent slotting — high co-pick frequency
FSH-001200,HLT-001652,DHL-WH-IL02,2,24.2667,Consider adjacent slotting — high co-pick frequency
ELC-000651,FSH-000917,DHL-WH-IL02,3,24.2667,Consider adjacent slotting — high co-pick frequency
ELC-000883,HLT-001721,DHL-WH-IL02,2,24.2667,Consider adjacent slotting — high co-pick frequency
ELC-001988,FMC-001618,DHL-WH-IL02,2,24.2667,Consider adjacent slotting — high co-pick frequency
ELC-000196,FMC-000411,DHL-WH-IL02,2,24.2667,Consider adjacent slotting — high co-pick frequency
CHM-000998,HLT-000306,DHL-WH-IL02,3,24.2667,Consider adjacent slotting — high co-pick frequency
IND-000331,PHM-000642,DHL-WH-IL02,2,24.2667,Consider adjacent slotting — high co-pick frequency
ELC-000719,ELC-001499,DHL-WH-IL02,3,24.2667,Consider adjacent slotting — high co-pick frequency
FMC-001573,HLT-000686,DHL-WH-IL02,2,24.2667,Consider adjacent slotting — high co-pick frequency
FSH-000135,PHM-001460,DHL-WH-IL02,4,24.2667,Consider adjacent slotting — high co-pick frequency
FMC-000661,FMC-000694,DHL-WH-IL02,2,24.2667,Consider adjacent slotting — high co-pick frequency
FMC-000939,PHM-001597,DHL-WH-IL02,4,24.2667,Consider adjacent slotting — high co-pick frequency
CHM-001267,ELC-000106,DHL-WH-IL02,2,24.2667,Consider adjacent slotting — high co-pick frequency
FSH-001352,IND-001346,DHL-WH-IL02,1,24.2667,Consider adjacent slotting — high co-pick frequency
CHM-001999,FMC-001899,DHL-WH-IL02,1,24.2667,Consider adjacent slotting — high co-pick frequency
FMC-001618,FSH-000619,DHL-WH-IL02,2,24.2667,Consider adjacent slotting — high co-pick frequency
FMC-000782,FSH-000548,DHL-WH-IL02,3,24.2667,Consider adjacent slotting — high co-pick frequency
CHM-000601,FMC-001993,DHL-WH-IL02,2,24.2667,Consider adjacent slotting — high co-pick frequency
ELC-000478,FMC-000661,DHL-WH-IL02,2,24.2667,Consider adjacent slotting — high co-pick frequency
FMC-001765,IND-000880,DHL-WH-IL02,2,24.2667,Consider adjacent slotting — high co-pick frequency
FMC-000364,FSH-000121,DHL-WH-IL02,2,24.2667,Consider adjacent slotting — high co-pick frequency
ELC-000833,FMC-001765,DHL-WH-IL02,2,24.2667,Consider adjacent slotting — high co-pick frequency
FMC-001765,PHM-000061,DHL-WH-IL02,1,24.2667,Consider adjacent slotting — high co-pick frequency
CHM-000213,ELC-001150,DHL-WH-IL02,2,24.2667,Consider adjacent slotting — high co-pick frequency
ELC-000561,HLT-000700,DHL-WH-IL02,2,24.2667,Consider adjacent slotting — high co-pick frequency
CHM-000193,PHM-000642,DHL-WH-IL02,2,24.2667,Consider adjacent slotting — high co-pick frequency
AUT-001222,FSH-001200,DHL-WH-IL02,2,24.2667,Consider adjacent slotting — high co-pick frequency
FMC-001341,PHM-001685,DHL-WH-IL02,2,24.2667,Consider adjacent slotting — high co-pick frequency
FMC-001765,PHM-001358,DHL-WH-IL02,2,24.2667,Consider adjacent slotting — high co-pick frequency
FSH-000307,HLT-000340,DHL-WH-IL02,3,24.0882,Consider adjacent slotting — high co-pick frequency
FMC-001212,FMC-001746,DHL-WH-IL02,3,24.0882,Consider adjacent slotting — high co-pick frequency
AUT-001678,FMC-001790,DHL-WH-IL02,2,24.0,Consider adjacent slotting — high co-pick frequency
AUT-000348,ELC-000697,DHL-WH-IL02,2,24.0,Consider adjacent slotting — high co-pick frequency
CHM-001132,FMC-001565,DHL-WH-IL02,2,24.0,Consider adjacent slotting — high co-pick frequency
AUT-000280,FMC-000884,DHL-WH-NJ01,2,44.101,Consider adjacent slotting — high co-pick frequency
FMC-000834,IND-001371,DHL-WH-NJ01,2,41.9808,Consider adjacent slotting — high co-pick frequency
FMC-000122,FMC-000250,DHL-WH-NJ01,2,40.4259,Consider adjacent slotting — high co-pick frequency
FMC-000867,FSH-000634,DHL-WH-NJ01,3,38.5235,Consider adjacent slotting — high co-pick frequency
FMC-000405,IND-001346,DHL-WH-NJ01,2,37.3162,Consider adjacent slotting — high co-pick frequency
HLT-000641,HLT-001286,DHL-WH-NJ01,3,37.2102,Consider adjacent slotting — high co-pick frequency
IND-000032,IND-000770,DHL-WH-NJ01,3,37.2102,Consider adjacent slotting — high co-pick frequency
ELC-000088,HLT-001497,DHL-WH-NJ01,2,34.6508,Consider adjacent slotting — high co-pick frequency
FMC-000405,FMC-001472,DHL-WH-NJ01,2,34.6508,Consider adjacent slotting — high co-pick frequency
ELC-000088,FMC-001684,DHL-WH-NJ01,2,34.6508,Consider adjacent slotting — high co-pick frequency
FMC-000834,PHM-000314,DHL-WH-NJ01,2,34.1094,Consider adjacent slotting — high co-pick frequency
AUT-001242,HLT-001560,DHL-WH-NJ01,2,34.1094,Consider adjacent slotting — high co-pick frequency
FMC-000003,FSH-001282,DHL-WH-NJ01,2,33.5846,Consider adjacent slotting — high co-pick frequency
ELC-001321,HLT-001978,DHL-WH-NJ01,2,33.5846,Consider adjacent slotting — high co-pick frequency
ELC-000376,ELC-000382,DHL-WH-NJ01,3,33.4133,Consider adjacent slotting — high co-pick frequency
AUT-000280,FMC-001231,DHL-WH-NJ01,2,32.3407,Consider adjacent slotting — high co-pick frequency
AUT-000280,CHM-001420,DHL-WH-NJ01,2,32.3407,Consider adjacent slotting — high co-pick frequency
AUT-000280,PHM-000878,DHL-WH-NJ01,2,32.3407,Consider adjacent slotting — high co-pick frequency
FMC-001690,PHM-001358,DHL-WH-NJ01,2,32.1029,Consider adjacent slotting — high co-pick frequency
FMC-000644,HLT-000686,DHL-WH-NJ01,3,32.1029,Consider adjacent slotting — high co-pick frequency
ELC-001979,IND-000880,DHL-WH-NJ01,2,32.1029,Consider adjacent slotting — high co-pick frequency
FMC-000782,FSH-000801,DHL-WH-NJ01,3,31.1857,Consider adjacent slotting — high co-pick frequency
CHM-001502,FSH-000132,DHL-WH-NJ01,2,31.1857,Consider adjacent slotting — high co-pick frequency
FMC-000243,FMC-001472,DHL-WH-NJ01,2,31.1857,Consider adjacent slotting — high co-pick frequency
CHM-001821,FMC-001754,DHL-WH-NJ01,2,30.5315,Consider adjacent slotting — high co-pick frequency
AUT-000010,IND-001332,DHL-WH-NJ01,2,30.5315,Consider adjacent slotting — high co-pick frequency
FSH-001312,HLT-000888,DHL-WH-NJ01,2,30.5315,Consider adjacent slotting — high co-pick frequency
AUT-001745,FSH-000774,DHL-WH-NJ01,2,30.3194,Consider adjacent slotting — high co-pick frequency
AUT-001215,CHM-001073,DHL-WH-NJ01,2,30.3194,Consider adjacent slotting — high co-pick frequency
AUT-000280,FMC-001131,DHL-WH-NJ01,2,30.3194,Consider adjacent slotting — high co-pick frequency
AUT-000280,ELC-001144,DHL-WH-NJ01,3,30.3194,Consider adjacent slotting — high co-pick frequency
FSH-000146,HLT-001560,DHL-WH-NJ01,1,30.3194,Consider adjacent slotting — high co-pick frequency
CHM-000215,HLT-001560,DHL-WH-NJ01,1,30.3194,Consider adjacent slotting — high co-pick frequency
FMC-000405,HLT-001560,DHL-WH-NJ01,1,30.3194,Consider adjacent slotting — high co-pick frequency
AUT-000280,FMC-001690,DHL-WH-NJ01,1,30.3194,Consider adjacent slotting — high co-pick frequency
ELC-001848,HLT-000969,DHL-WH-NJ01,3,29.6335,Consider adjacent slotting — high co-pick frequency
CHM-001711,FMC-001606,DHL-WH-NJ01,2,29.1067,Consider adjacent slotting — high co-pick frequency
FSH-000361,IND-000109,DHL-WH-NJ01,2,29.1067,Consider adjacent slotting — high co-pick frequency
ELC-001013,FMC-000003,DHL-WH-NJ01,2,29.1067,Consider adjacent slotting — high co-pick frequency
CHM-001711,FMC-000520,DHL-WH-NJ01,2,29.1067,Consider adjacent slotting — high co-pick frequency
CHM-000958,FMC-001381,DHL-WH-NJ01,2,29.1067,Consider adjacent slotting — high co-pick frequency
ELC-000773,FMC-000867,DHL-WH-NJ01,2,29.1067,Consider adjacent slotting — high co-pick frequency
FSH-001833,HLT-001570,DHL-WH-NJ01,2,29.1067,Consider adjacent slotting — high co-pick frequency
FMC-000003,FMC-000981,DHL-WH-NJ01,2,29.1067,Consider adjacent slotting — high co-pick frequency
AUT-001762,FMC-001690,DHL-WH-NJ01,2,28.7237,Consider adjacent slotting — high co-pick frequency
HLT-000686,PHM-001503,DHL-WH-NJ01,3,28.7237,Consider adjacent slotting — high co-pick frequency
FMC-000834,FMC-001651,DHL-WH-NJ01,2,28.7237,Consider adjacent slotting — high co-pick frequency
FMC-001102,FMC-001379,DHL-WH-NJ01,2,28.7237,Consider adjacent slotting — high co-pick frequency
ELC-001979,IND-001830,DHL-WH-NJ01,2,28.7237,Consider adjacent slotting — high co-pick frequency
ELC-001363,FSH-000942,DHL-WH-NJ01,3,28.7237,Consider adjacent slotting — high co-pick frequency
FMC-001953,HLT-000054,DHL-WH-NJ01,2,28.7237,Consider adjacent slotting — high co-pick frequency
AUT-000280,IND-001738,DHL-WH-NJ01,2,28.5359,Consider adjacent slotting — high co-pick frequency
FMC-000930,FSH-001187,DHL-WH-NJ01,2,28.5359,Consider adjacent slotting — high co-pick frequency
FMC-000930,IND-000092,DHL-WH-NJ01,2,28.5359,Consider adjacent slotting — high co-pick frequency
AUT-000280,HLT-000019,DHL-WH-NJ01,2,28.5359,Consider adjacent slotting — high co-pick frequency
ELC-000934,FSH-000146,DHL-WH-NJ01,2,28.5359,Consider adjacent slotting — high co-pick frequency
AUT-000284,AUT-001596,DHL-WH-NJ01,3,28.3506,Consider adjacent slotting — high co-pick frequency
AUT-001596,FMC-000035,DHL-WH-NJ01,2,28.3506,Consider adjacent slotting — high co-pick frequency
AUT-001596,FMC-000782,DHL-WH-NJ01,2,28.3506,Consider adjacent slotting — high co-pick frequency
AUT-001347,FSH-001455,DHL-WH-NJ01,2,28.3506,Consider adjacent slotting — high co-pick frequency
ELC-000816,ELC-001194,DHL-WH-NJ01,2,28.3506,Consider adjacent slotting — high co-pick frequency
FSH-001644,HLT-000888,DHL-WH-NJ01,2,28.3506,Consider adjacent slotting — high co-pick frequency
ELC-000360,FMC-001877,DHL-WH-NJ01,2,27.9872,Consider adjacent slotting — high co-pick frequency
ELC-001665,IND-001933,DHL-WH-NJ01,4,27.7206,Consider adjacent slotting — high co-pick frequency
ELC-000382,PHM-000703,DHL-WH-NJ01,3,27.5168,Consider adjacent slotting — high co-pick frequency
CHM-000141,PHM-000377,DHL-WH-NJ01,3,27.5168,Consider adjacent slotting — high co-pick frequency
ELC-001776,PHM-000328,DHL-WH-NJ01,3,27.5168,Consider adjacent slotting — high co-pick frequency
ELC-000772,FSH-001640,DHL-WH-NJ01,3,27.2875,Consider adjacent slotting — high co-pick frequency
FMC-000648,HLT-001560,DHL-WH-NJ01,2,27.2875,Consider adjacent slotting — high co-pick frequency
HLT-001560,HLT-001570,DHL-WH-NJ01,1,27.2875,Consider adjacent slotting — high co-pick frequency
HLT-001560,IND-000668,DHL-WH-NJ01,2,27.2875,Consider adjacent slotting — high co-pick frequency
FMC-000243,PHM-001948,DHL-WH-NJ01,2,27.2875,Consider adjacent slotting — high co-pick frequency
AUT-001829,FSH-000152,DHL-WH-NJ01,2,27.2875,Consider adjacent slotting — high co-pick frequency
IND-001795,PHM-000586,DHL-WH-NJ01,3,27.2875,Consider adjacent slotting — high co-pick frequency
HLT-001600,PHM-001256,DHL-WH-NJ01,2,27.2875,Consider adjacent slotting — high co-pick frequency
ELC-000536,FSH-000152,DHL-WH-NJ01,2,27.2875,Consider adjacent slotting — high co-pick frequency
CHM-000569,FMC-001381,DHL-WH-NJ01,2,27.2875,Consider adjacent slotting — high co-pick frequency
AUT-000266,FMC-000169,DHL-WH-NJ01,2,27.2875,Consider adjacent slotting — high co-pick frequency
FMC-000224,FSH-000400,DHL-WH-NJ01,2,27.2875,Consider adjacent slotting — high co-pick frequency
FMC-000867,PHM-000887,DHL-WH-NJ01,2,27.2875,Consider adjacent slotting — high co-pick frequency
FSH-001698,HLT-001600,DHL-WH-NJ01,2,27.2875,Consider adjacent slotting — high co-pick frequency
ELC-001321,FMC-001953,DHL-WH-NJ01,1,27.2875,Consider adjacent slotting — high co-pick frequency
ELC-000773,PHM-001211,DHL-WH-NJ01,3,27.2875,Consider adjacent slotting — high co-pick frequency
CHM-000657,HLT-001495,DHL-WH-NJ01,3,27.2875,Consider adjacent slotting — high co-pick frequency
CHM-000932,FMC-000325,DHL-WH-NJ01,4,27.0341,Consider adjacent slotting — high co-pick frequency
FSH-000146,PHM-001289,DHL-WH-NJ01,2,26.9506,Consider adjacent slotting — high co-pick frequency
CHM-000215,PHM-000061,DHL-WH-NJ01,2,26.9506,Consider adjacent slotting — high co-pick frequency
FMC-000930,FSH-000066,DHL-WH-NJ01,2,26.9506,Consider adjacent slotting — high co-pick frequency
ELC-001716,IND-001646,DHL-WH-NJ01,3,26.5142,Consider adjacent slotting — high co-pick frequency
ELC-001848,HLT-001612,DHL-WH-NJ01,3,26.5142,Consider adjacent slotting — high co-pick frequency
ELC-001848,IND-000996,DHL-WH-NJ01,3,26.5142,Consider adjacent slotting — high co-pick frequency
AUT-001316,HLT-001219,DHL-WH-NJ01,3,26.5142,Consider adjacent slotting — high co-pick frequency
ELC-001943,FMC-000173,DHL-WH-NJ01,3,26.5142,Consider adjacent slotting — high co-pick frequency
FSH-001841,IND-000996,DHL-WH-NJ01,3,26.5142,Consider adjacent slotting — high co-pick frequency
FMC-000884,FMC-001231,DHL-WH-NJ01,2,26.4606,Consider adjacent slotting — high co-pick frequency
AUT-001383,IND-001332,DHL-WH-NJ01,2,26.4606,Consider adjacent slotting — high co-pick frequency
HLT-001695,IND-001981,DHL-WH-NJ01,2,26.4606,Consider adjacent slotting — high co-pick frequency
HLT-001394,IND-000032,DHL-WH-NJ01,2,26.4606,Consider adjacent slotting — high co-pick frequency
ELC-001233,HLT-001399,DHL-WH-NJ01,2,26.4606,Consider adjacent slotting — high co-pick frequency
AUT-001596,FMC-001753,DHL-WH-NJ01,2,26.4606,Consider adjacent slotting — high co-pick frequency
IND-001981,PHM-000676,DHL-WH-NJ01,2,26.4606,Consider adjacent slotting — high co-pick frequency
CHM-001821,FMC-001845,DHL-WH-NJ01,2,26.4606,Consider adjacent slotting — high co-pick frequency
HLT-000888,HLT-001115,DHL-WH-NJ01,2,26.4606,Consider adjacent slotting — high co-pick frequency
AUT-001712,AUT-001788,DHL-WH-NJ01,2,26.4606,Consider adjacent slotting — high co-pick frequency
FMC-000713,FMC-001964,DHL-WH-NJ01,2,26.4606,Consider adjacent slotting — high co-pick frequency
FSH-001020,IND-000305,DHL-WH-NJ01,2,25.9881,Consider adjacent slotting — high co-pick frequency
AUT-000348,FMC-001447,DHL-WH-NJ01,3,25.9881,Consider adjacent slotting — high co-pick frequency
AUT-001222,CHM-001866,DHL-WH-NJ01,3,25.9881,Consider adjacent slotting — high co-pick frequency
FMC-001482,PHM-001128,DHL-WH-NJ01,2,25.9881,Consider adjacent slotting — high co-pick frequency
CHM-000141,FMC-000103,DHL-WH-NJ01,2,25.9881,Consider adjacent slotting — high co-pick frequency
FMC-001538,IND-000315,DHL-WH-NJ01,2,25.9881,Consider adjacent slotting — high co-pick frequency
AUT-000911,AUT-001201,DHL-WH-NJ01,4,25.9881,Consider adjacent slotting — high co-pick frequency
ELC-000816,FMC-001447,DHL-WH-NJ01,2,25.9881,Consider adjacent slotting — high co-pick frequency
FMC-001163,FMC-001472,DHL-WH-NJ01,2,25.9881,Consider adjacent slotting — high co-pick frequency
ELC-001536,HLT-001345,DHL-WH-NJ01,3,25.9881,Consider adjacent slotting — high co-pick frequency
FMC-000251,HLT-000326,DHL-WH-NJ01,3,25.9881,Consider adjacent slotting — high co-pick frequency
AUT-001500,HLT-001345,DHL-WH-NJ01,2,25.9881,Consider adjacent slotting — high co-pick frequency
FMC-001025,FMC-001538,DHL-WH-NJ01,2,25.9881,Consider adjacent slotting — high co-pick frequency
FMC-000251,FSH-001020,DHL-WH-NJ01,2,25.9881,Consider adjacent slotting — high co-pick frequency
FMC-001437,FMC-001733,DHL-WH-NJ01,3,25.8854,Consider adjacent slotting — high co-pick frequency
FMC-001735,HLT-000570,DHL-WH-NJ01,2,25.8343,Consider adjacent slotting — high co-pick frequency
FMC-001877,IND-001371,DHL-WH-NJ01,2,25.8343,Consider adjacent slotting — high co-pick frequency
ELC-001925,FMC-000945,DHL-WH-NJ01,2,25.8343,Consider adjacent slotting — high co-pick frequency
FMC-000468,PHM-001895,DHL-WH-NJ01,3,25.6824,Consider adjacent slotting — high co-pick frequency
FMC-000779,IND-000577,DHL-WH-NJ01,2,25.6824,Consider adjacent slotting — high co-pick frequency
FSH-000124,PHM-001834,DHL-WH-NJ01,3,25.6824,Consider adjacent slotting — high co-pick frequency
CHM-000617,FMC-000169,DHL-WH-NJ01,2,25.6824,Consider adjacent slotting — high co-pick frequency
FMC-000666,FMC-001942,DHL-WH-NJ01,2,25.6824,Consider adjacent slotting — high co-pick frequency
FMC-000038,FMC-001810,DHL-WH-NJ01,3,25.6824,Consider adjacent slotting — high co-pick frequency
FMC-000224,HLT-001784,DHL-WH-NJ01,2,25.6824,Consider adjacent slotting — high co-pick frequency
AUT-001757,FMC-000003,DHL-WH-NJ01,2,25.6824,Consider adjacent slotting — high co-pick frequency
HLT-001043,IND-001650,DHL-WH-NJ01,3,25.582,Consider adjacent slotting — high co-pick frequency
CHM-000260,FSH-000076,DHL-WH-NJ01,3,25.582,Consider adjacent slotting — high co-pick frequency
FMC-001105,FMC-001657,DHL-WH-NJ01,3,25.582,Consider adjacent slotting — high co-pick frequency
CHM-001677,FSH-001698,DHL-WH-NJ01,3,25.582,Consider adjacent slotting — high co-pick frequency
CHM-000163,FMC-001168,DHL-WH-NJ01,3,25.582,Consider adjacent slotting — high co-pick frequency
AUT-001745,FSH-000060,DHL-WH-NJ01,2,25.5322,Consider adjacent slotting — high co-pick frequency
ELC-000088,FSH-000701,DHL-WH-NJ01,2,25.5322,Consider adjacent slotting — high co-pick frequency
AUT-000280,FSH-001243,DHL-WH-NJ01,2,25.5322,Consider adjacent slotting — high co-pick frequency
HLT-001219,IND-000369,DHL-WH-NJ01,3,25.1885,Consider adjacent slotting — high co-pick frequency
HLT-000888,HLT-001560,DHL-WH-NJ01,1,24.8068,Consider adjacent slotting — high co-pick frequency
ELC-000222,FMC-001953,DHL-WH-NJ01,2,24.8068,Consider adjacent slotting — high co-pick frequency
HLT-001043,IND-001332,DHL-WH-NJ01,2,24.8068,Consider adjacent slotting — high co-pick frequency
CHM-000260,HLT-000888,DHL-WH-NJ01,2,24.8068,Consider adjacent slotting — high co-pick frequency
AUT-001242,IND-000032,DHL-WH-NJ01,2,24.8068,Consider adjacent slotting — high co-pick frequency
AUT-001347,FMC-001953,DHL-WH-NJ01,1,24.8068,Consider adjacent slotting — high co-pick frequency
IND-001011,IND-001332,DHL-WH-NJ01,2,24.8068,Consider adjacent slotting — high co-pick frequency
CHM-001413,FMC-000884,DHL-WH-NJ01,2,24.8068,Consider adjacent slotting — high co-pick frequency
AUT-001347,ELC-000536,DHL-WH-NJ01,2,24.8068,Consider adjacent slotting — high co-pick frequency
ELC-001233,FSH-000953,DHL-WH-NJ01,2,24.8068,Consider adjacent slotting — high co-pick frequency
FMC-000884,FMC-001953,DHL-WH-NJ01,1,24.8068,Consider adjacent slotting — high co-pick frequency
FMC-001953,IND-000032,DHL-WH-NJ01,1,24.8068,Consider adjacent slotting — high co-pick frequency
AUT-001712,HLT-001560,DHL-WH-NJ01,1,24.8068,Consider adjacent slotting — high co-pick frequency
ELC-001194,FMC-001690,DHL-WH-NJ01,1,24.8068,Consider adjacent slotting — high co-pick frequency
ELC-001353,IND-001981,DHL-WH-NJ01,2,24.8068,Consider adjacent slotting — high co-pick frequency
FMC-000713,FMC-001102,DHL-WH-NJ01,1,24.8068,Consider adjacent slotting — high co-pick frequency
AUT-000113,FMC-001630,DHL-WH-NJ01,3,24.6203,Consider adjacent slotting — high co-pick frequency
FMC-001058,FMC-001392,DHL-WH-NJ01,3,24.6203,Consider adjacent slotting — high co-pick frequency
AUT-001772,FMC-001651,DHL-WH-NJ01,3,24.6203,Consider adjacent slotting — high co-pick frequency
ELC-000382,FSH-001720,DHL-WH-NJ01,3,24.6203,Consider adjacent slotting — high co-pick frequency
FSH-001916,PHM-000662,DHL-WH-NJ01,3,24.6203,Consider adjacent slotting — high co-pick frequency
CHM-001748,FSH-000575,DHL-WH-NJ01,4,24.4594,Consider adjacent slotting — high co-pick frequency
FMC-000779,FSH-000146,DHL-WH-NJ01,1,24.2556,Consider adjacent slotting — high co-pick frequency
FMC-000855,FMC-001381,DHL-WH-NJ01,2,24.2556,Consider adjacent slotting — high co-pick frequency
FMC-000468,IND-000910,DHL-WH-NJ01,2,24.2556,Consider adjacent slotting — high co-pick frequency
FMC-001584,PHM-001128,DHL-WH-NJ01,2,24.2556,Consider adjacent slotting — high co-pick frequency
ELC-000524,FMC-000852,DHL-WH-NJ01,3,24.2556,Consider adjacent slotting — high co-pick frequency
CHM-001711,FMC-000220,DHL-WH-NJ01,2,24.2556,Consider adjacent slotting — high co-pick frequency
HLT-000906,PHM-000955,DHL-WH-NJ01,2,24.2556,Consider adjacent slotting — high co-pick frequency
FMC-000407,PHM-001682,DHL-WH-NJ01,2,24.2556,Consider adjacent slotting — high co-pick frequency
CHM-001073,HLT-001512,DHL-WH-NJ01,2,24.2556,Consider adjacent slotting — high co-pick frequency
AUT-001745,FMC-000243,DHL-WH-NJ01,1,24.2556,Consider adjacent slotting — high co-pick frequency
CHM-001747,FMC-001910,DHL-WH-NJ01,2,24.2556,Consider adjacent slotting — high co-pick frequency
ELC-000430,FMC-000122,DHL-WH-NJ01,2,24.2556,Consider adjacent slotting — high co-pick frequency
FMC-000580,HLT-001570,DHL-WH-NJ01,2,24.2556,Consider adjacent slotting — high co-pick frequency
ELC-001067,ELC-001582,DHL-WH-NJ01,2,24.2556,Consider adjacent slotting — high co-pick frequency
ELC-001067,ELC-001536,DHL-WH-NJ01,3,24.2556,Consider adjacent slotting — high co-pick frequency
FMC-000224,FMC-000405,DHL-WH-NJ01,1,24.2556,Consider adjacent slotting — high co-pick frequency
CHM-001747,FMC-001964,DHL-WH-NJ01,2,24.2556,Consider adjacent slotting — high co-pick frequency
FMC-000405,FMC-000666,DHL-WH-NJ01,1,24.2556,Consider adjacent slotting — high co-pick frequency
FMC-001163,FMC-001964,DHL-WH-NJ01,2,24.2556,Consider adjacent slotting — high co-pick frequency
FMC-000122,IND-001501,DHL-WH-NJ01,2,24.2556,Consider adjacent slotting — high co-pick frequency
CHM-000215,CHM-001711,DHL-WH-NJ01,1,24.2556,Consider adjacent slotting — high co-pick frequency
IND-000968,IND-001675,DHL-WH-NJ01,3,24.2556,Consider adjacent slotting — high co-pick frequency
FMC-000930,FMC-001793,DHL-WH-NJ01,2,24.2556,Consider adjacent slotting — high co-pick frequency
AUT-001492,HLT-001898,DHL-WH-NJ01,2,24.2556,Consider adjacent slotting — high co-pick frequency
AUT-001500,IND-000134,DHL-WH-NJ01,2,24.2556,Consider adjacent slotting — high co-pick frequency
FMC-000779,HLT-000206,DHL-WH-NJ01,2,24.2556,Consider adjacent slotting — high co-pick frequency
ELC-001321,PHM-000955,DHL-WH-NJ01,1,24.2556,Consider adjacent slotting — high co-pick frequency
ELC-000238,ELC-001321,DHL-WH-NJ01,2,24.2556,Consider adjacent slotting — high co-pick frequency
ELC-001321,FMC-000656,DHL-WH-NJ01,2,24.2556,Consider adjacent slotting — high co-pick frequency
FMC-000053,FSH-000152,DHL-WH-NJ01,2,24.2556,Consider adjacent slotting — high co-pick frequency
HLT-000206,HLT-001259,DHL-WH-NJ01,3,24.2556,Consider adjacent slotting — high co-pick frequency
CHM-000476,FMC-000867,DHL-WH-NJ01,2,24.2556,Consider adjacent slotting — high co-pick frequency
ELC-000673,PHM-001834,DHL-WH-NJ01,4,24.2556,Consider adjacent slotting — high co-pick frequency
AUT-001222,HLT-001600,DHL-WH-NJ01,2,24.2556,Consider adjacent slotting — high co-pick frequency
CHM-000215,HLT-001600,DHL-WH-NJ01,1,24.2556,Consider adjacent slotting — high co-pick frequency
CHM-000958,IND-000315,DHL-WH-NJ01,2,24.2556,Consider adjacent slotting — high co-pick frequency
HLT-000933,HLT-001898,DHL-WH-NJ01,3,24.2556,Consider adjacent slotting — high co-pick frequency
FMC-000272,HLT-001570,DHL-WH-NJ01,2,24.2556,Consider adjacent slotting — high co-pick frequency
FSH-000812,FSH-000914,DHL-WH-TX03,2,48.4667,Consider adjacent slotting — high co-pick frequency
FMC-001532,HLT-001905,DHL-WH-TX03,2,41.9423,Consider adjacent slotting — high co-pick frequency
AUT-001344,ELC-001443,DHL-WH-TX03,2,41.9423,Consider adjacent slotting — high co-pick frequency
FMC-000937,HLT-000785,DHL-WH-TX03,2,39.6545,Consider adjacent slotting — high co-pick frequency
AUT-000647,FSH-000060,DHL-WH-TX03,3,38.4882,Consider adjacent slotting — high co-pick frequency
FMC-001806,HLT-000678,DHL-WH-TX03,3,37.1761,Consider adjacent slotting — high co-pick frequency
FSH-000225,IND-000365,DHL-WH-TX03,2,36.0496,Consider adjacent slotting — high co-pick frequency
ELC-000065,PHM-001024,DHL-WH-TX03,2,36.0496,Consider adjacent slotting — high co-pick frequency
ELC-001076,FSH-000387,DHL-WH-TX03,2,34.619,Consider adjacent slotting — high co-pick frequency
AUT-001992,FMC-001746,DHL-WH-TX03,1,34.619,Consider adjacent slotting — high co-pick frequency
AUT-000164,ELC-000742,DHL-WH-TX03,3,34.0781,Consider adjacent slotting — high co-pick frequency
CHM-000163,ELC-001854,DHL-WH-TX03,3,34.0781,Consider adjacent slotting — high co-pick frequency
CHM-000396,CHM-001014,DHL-WH-TX03,2,33.5538,Consider adjacent slotting — high co-pick frequency
FMC-000334,FMC-000788,DHL-WH-TX03,3,33.5538,Consider adjacent slotting — high co-pick frequency
CHM-001081,ELC-000472,DHL-WH-TX03,2,33.0455,Consider adjacent slotting — high co-pick frequency
HLT-001645,PHM-000428,DHL-WH-TX03,2,32.0735,Consider adjacent slotting — high co-pick frequency
AUT-001383,FSH-000135,DHL-WH-TX03,3,32.0735,Consider adjacent slotting — high co-pick frequency
AUT-000863,FMC-000294,DHL-WH-TX03,3,32.0735,Consider adjacent slotting — high co-pick frequency
HLT-001645,PHM-000155,DHL-WH-TX03,2,32.0735,Consider adjacent slotting — high co-pick frequency
ELC-000042,PHM-000586,DHL-WH-TX03,2,31.1571,Consider adjacent slotting — high co-pick frequency
AUT-000797,IND-000989,DHL-WH-TX03,4,30.6105,Consider adjacent slotting — high co-pick frequency
HLT-000563,PHM-001249,DHL-WH-TX03,2,30.5035,Consider adjacent slotting — high co-pick frequency
FSH-000172,PHM-001024,DHL-WH-TX03,2,30.5035,Consider adjacent slotting — high co-pick frequency
ELC-001098,PHM-001629,DHL-WH-TX03,2,30.5035,Consider adjacent slotting — high co-pick frequency
IND-001989,PHM-000638,DHL-WH-TX03,4,30.2917,Consider adjacent slotting — high co-pick frequency
ELC-000456,HLT-001055,DHL-WH-TX03,4,30.2917,Consider adjacent slotting — high co-pick frequency
FSH-001143,HLT-001645,DHL-WH-TX03,2,30.2917,Consider adjacent slotting — high co-pick frequency
HLT-001905,PHM-001934,DHL-WH-TX03,2,30.2917,Consider adjacent slotting — high co-pick frequency
FSH-000387,FSH-001315,DHL-WH-TX03,2,30.2917,Consider adjacent slotting — high co-pick frequency
AUT-001344,FSH-000387,DHL-WH-TX03,1,30.2917,Consider adjacent slotting — high co-pick frequency
FSH-001835,PHM-001610,DHL-WH-TX03,3,29.7409,Consider adjacent slotting — high co-pick frequency
PHM-000864,PHM-001204,DHL-WH-TX03,3,29.6063,Consider adjacent slotting — high co-pick frequency
ELC-001330,PHM-001128,DHL-WH-TX03,3,29.6063,Consider adjacent slotting — high co-pick frequency
ELC-001098,HLT-000882,DHL-WH-TX03,3,29.6063,Consider adjacent slotting — high co-pick frequency
ELC-001454,FSH-000942,DHL-WH-TX03,3,29.2098,Consider adjacent slotting — high co-pick frequency
FMC-001183,PHM-000995,DHL-WH-TX03,4,29.08,Consider adjacent slotting — high co-pick frequency
FMC-000928,FSH-000060,DHL-WH-TX03,2,29.08,Consider adjacent slotting — high co-pick frequency
FSH-000060,IND-000305,DHL-WH-TX03,2,29.08,Consider adjacent slotting — high co-pick frequency
FMC-001785,HLT-000148,DHL-WH-TX03,2,29.08,Consider adjacent slotting — high co-pick frequency
CHM-001093,PHM-001955,DHL-WH-TX03,3,29.08,Consider adjacent slotting — high co-pick frequency
AUT-001344,HLT-000227,DHL-WH-TX03,2,28.6974,Consider adjacent slotting — high co-pick frequency
FSH-001333,HLT-001645,DHL-WH-TX03,2,28.6974,Consider adjacent slotting — high co-pick frequency
CHM-000793,FSH-001235,DHL-WH-TX03,4,28.5098,Consider adjacent slotting — high co-pick frequency
FMC-001746,PHM-000390,DHL-WH-TX03,2,28.5098,Consider adjacent slotting — high co-pick frequency
FMC-001372,IND-000811,DHL-WH-TX03,2,28.3247,Consider adjacent slotting — high co-pick frequency
FSH-001579,PHM-001629,DHL-WH-TX03,3,28.3247,Consider adjacent slotting — high co-pick frequency
AUT-000846,FSH-001519,DHL-WH-TX03,2,28.3247,Consider adjacent slotting — high co-pick frequency
CHM-001999,FSH-001020,DHL-WH-TX03,2,27.9615,Consider adjacent slotting — high co-pick frequency
FMC-001656,PHM-001340,DHL-WH-TX03,2,27.9615,Consider adjacent slotting — high co-pick frequency
ELC-000472,FSH-000388,DHL-WH-TX03,2,27.9615,Consider adjacent slotting — high co-pick frequency
FSH-001564,HLT-001251,DHL-WH-TX03,2,27.9615,Consider adjacent slotting — high co-pick frequency
FMC-001656,FSH-000056,DHL-WH-TX03,2,27.9615,Consider adjacent slotting — high co-pick frequency
FSH-000172,FSH-001916,DHL-WH-TX03,2,27.9615,Consider adjacent slotting — high co-pick frequency
FMC-001708,FSH-001048,DHL-WH-TX03,3,27.9615,Consider adjacent slotting — high co-pick frequency
ELC-000275,FSH-001564,DHL-WH-TX03,2,27.9615,Consider adjacent slotting — high co-pick frequency
HLT-000563,PHM-001340,DHL-WH-TX03,2,27.9615,Consider adjacent slotting — high co-pick frequency
FSH-001519,PHM-001335,DHL-WH-TX03,3,27.4916,Consider adjacent slotting — high co-pick frequency
FMC-000294,IND-001676,DHL-WH-TX03,3,27.4916,Consider adjacent slotting — high co-pick frequency
FMC-001684,FSH-001312,DHL-WH-TX03,3,27.4916,Consider adjacent slotting — high co-pick frequency
FMC-001620,PHM-000662,DHL-WH-TX03,3,27.4916,Consider adjacent slotting — high co-pick frequency
ELC-000205,IND-000188,DHL-WH-TX03,3,27.4916,Consider adjacent slotting — high co-pick frequency
FMC-001372,PHM-001156,DHL-WH-TX03,3,27.4916,Consider adjacent slotting — high co-pick frequency
AUT-001344,FSH-000914,DHL-WH-TX03,1,27.2625,Consider adjacent slotting — high co-pick frequency
AUT-000911,IND-001840,DHL-WH-TX03,2,27.2625,Consider adjacent slotting — high co-pick frequency
AUT-001201,AUT-001344,DHL-WH-TX03,2,27.2625,Consider adjacent slotting — high co-pick frequency
FMC-001782,FSH-000575,DHL-WH-TX03,2,27.2625,Consider adjacent slotting — high co-pick frequency
FSH-000060,HLT-001905,DHL-WH-TX03,1,27.2625,Consider adjacent slotting — high co-pick frequency
CHM-001494,FSH-001730,DHL-WH-TX03,3,27.2625,Consider adjacent slotting — high co-pick frequency
CHM-000617,FMC-001857,DHL-WH-TX03,2,27.2625,Consider adjacent slotting — high co-pick frequency
FMC-001894,IND-000724,DHL-WH-TX03,3,27.2625,Consider adjacent slotting — high co-pick frequency
CHM-001593,IND-000317,DHL-WH-TX03,4,27.2625,Consider adjacent slotting — high co-pick frequency
HLT-000221,HLT-001905,DHL-WH-TX03,1,27.2625,Consider adjacent slotting — high co-pick frequency
AUT-001221,HLT-000785,DHL-WH-TX03,2,27.2625,Consider adjacent slotting — high co-pick frequency
AUT-000863,HLT-001294,DHL-WH-TX03,3,27.2625,Consider adjacent slotting — high co-pick frequency
HLT-001645,PHM-000586,DHL-WH-TX03,1,27.2625,Consider adjacent slotting — high co-pick frequency
HLT-000221,HLT-001645,DHL-WH-TX03,1,27.2625,Consider adjacent slotting — high co-pick frequency
AUT-000117,FSH-001182,DHL-WH-TX03,4,27.0093,Consider adjacent slotting — high co-pick frequency
CHM-001125,FMC-001746,DHL-WH-TX03,2,26.9259,Consider adjacent slotting — high co-pick frequency
FSH-000809,FSH-001038,DHL-WH-TX03,2,26.9259,Consider adjacent slotting — high co-pick frequency
ELC-000838,FSH-000387,DHL-WH-TX03,2,26.9259,Consider adjacent slotting — high co-pick frequency
AUT-001775,PHM-001629,DHL-WH-TX03,2,26.4364,Consider adjacent slotting — high co-pick frequency
HLT-000678,PHM-000973,DHL-WH-TX03,2,26.4364,Consider adjacent slotting — high co-pick frequency
FMC-001899,HLT-000714,DHL-WH-TX03,2,26.4364,Consider adjacent slotting — high co-pick frequency
FSH-000145,HLT-000714,DHL-WH-TX03,2,26.4364,Consider adjacent slotting — high co-pick frequency
FSH-000881,IND-000365,DHL-WH-TX03,2,26.4364,Consider adjacent slotting — high co-pick frequency
CHM-001132,ELC-000355,DHL-WH-TX03,2,26.4364,Consider adjacent slotting — high co-pick frequency
FSH-001730,PHM-001610,DHL-WH-TX03,2,26.4364,Consider adjacent slotting — high co-pick frequency
FMC-000937,FMC-001985,DHL-WH-TX03,2,26.4364,Consider adjacent slotting — high co-pick frequency
FMC-000405,PHM-000061,DHL-WH-TX03,2,25.9643,Consider adjacent slotting — high co-pick frequency
ELC-000042,PHM-000161,DHL-WH-TX03,2,25.9643,Consider adjacent slotting — high co-pick frequency
AUT-000650,FSH-001847,DHL-WH-TX03,3,25.9643,Consider adjacent slotting — high co-pick frequency
FMC-001765,FSH-000613,DHL-WH-TX03,4,25.9643,Consider adjacent slotting — high co-pick frequency
HLT-000050,PHM-000061,DHL-WH-TX03,3,25.9643,Consider adjacent slotting — high co-pick frequency
ELC-000241,FSH-001916,DHL-WH-TX03,2,25.9643,Consider adjacent slotting — high co-pick frequency
FSH-001916,HLT-000721,DHL-WH-TX03,2,25.9643,Consider adjacent slotting — high co-pick frequency
ELC-000631,PHM-000991,DHL-WH-TX03,2,25.9643,Consider adjacent slotting — high co-pick frequency
AUT-000789,ELC-000631,DHL-WH-TX03,3,25.9643,Consider adjacent slotting — high co-pick frequency
AUT-001208,CHM-001811,DHL-WH-TX03,2,25.9643,Consider adjacent slotting — high co-pick frequency
CHM-000163,HLT-000721,DHL-WH-TX03,2,25.9643,Consider adjacent slotting — high co-pick frequency
AUT-000164,HLT-000057,DHL-WH-TX03,2,25.9643,Consider adjacent slotting — high co-pick frequency
AUT-001932,CHM-001811,DHL-WH-TX03,3,25.9643,Consider adjacent slotting — high co-pick frequency
AUT-001992,FMC-000623,DHL-WH-TX03,1,25.9643,Consider adjacent slotting — high co-pick frequency
AUT-001829,FMC-000334,DHL-WH-TX03,2,25.8107,Consider adjacent slotting — high co-pick frequency
FMC-001532,FSH-001048,DHL-WH-TX03,2,25.8107,Consider adjacent slotting — high co-pick frequency
AUT-001829,FMC-001837,DHL-WH-TX03,2,25.8107,Consider adjacent slotting — high co-pick frequency
ELC-000649,HLT-001251,DHL-WH-TX03,2,25.8107,Consider adjacent slotting — high co-pick frequency
FMC-001039,PHM-000505,DHL-WH-TX03,2,25.6588,Consider adjacent slotting — high co-pick frequency
FSH-000138,FSH-000914,DHL-WH-TX03,2,25.6588,Consider adjacent slotting — high co-pick frequency
FSH-000914,PHM-000155,DHL-WH-TX03,2,25.6588,Consider adjacent slotting — high co-pick frequency
FMC-001857,PHM-001682,DHL-WH-TX03,2,25.6588,Consider adjacent slotting — high co-pick frequency
CHM-000793,FMC-001857,DHL-WH-TX03,2,25.6588,Consider adjacent slotting — high co-pick frequency
FSH-000135,FSH-000575,DHL-WH-TX03,2,25.6588,Consider adjacent slotting — high co-pick frequency
FSH-001187,IND-000568,DHL-WH-TX03,3,25.5586,Consider adjacent slotting — high co-pick frequency
AUT-001176,PHM-001623,DHL-WH-TX03,3,25.5586,Consider adjacent slotting — high co-pick frequency
ELC-001752,PHM-001326,DHL-WH-TX03,3,25.5586,Consider adjacent slotting — high co-pick frequency
FMC-000333,HLT-001947,DHL-WH-TX03,3,25.5586,Consider adjacent slotting — high co-pick frequency
CHM-001246,FMC-000520,DHL-WH-TX03,3,25.5586,Consider adjacent slotting — high co-pick frequency
AUT-000798,FMC-000644,DHL-WH-TX03,3,25.5586,Consider adjacent slotting — high co-pick frequency
FMC-000402,FMC-000587,DHL-WH-TX03,3,25.5586,Consider adjacent slotting — high co-pick frequency
FMC-001746,PHM-001139,DHL-WH-TX03,2,25.5088,Consider adjacent slotting — high co-pick frequency
ELC-000654,PHM-000704,DHL-WH-TX03,3,25.1654,Consider adjacent slotting — high co-pick frequency
CHM-000193,ELC-000275,DHL-WH-TX03,3,25.1654,Consider adjacent slotting — high co-pick frequency
FMC-000334,FMC-001095,DHL-WH-TX03,3,25.1654,Consider adjacent slotting — high co-pick frequency
FMC-001102,FMC-001746,DHL-WH-TX03,3,25.069,Consider adjacent slotting — high co-pick frequency
FSH-000225,FSH-001310,DHL-WH-TX03,3,24.7841,Consider adjacent slotting — high co-pick frequency
ELC-000742,FSH-000178,DHL-WH-TX03,2,24.7841,Consider adjacent slotting — high co-pick frequency
FMC-000937,FMC-001765,DHL-WH-TX03,2,24.7841,Consider adjacent slotting — high co-pick frequency
AUT-001176,PHM-001629,DHL-WH-TX03,2,24.7841,Consider adjacent slotting — high co-pick frequency
IND-000011,PHM-001249,DHL-WH-TX03,2,24.7841,Consider adjacent slotting — high co-pick frequency
CHM-001132,FMC-000235,DHL-WH-TX03,2,24.7841,Consider adjacent slotting — high co-pick frequency
ELC-001854,HLT-000714,DHL-WH-TX03,2,24.7841,Consider adjacent slotting — high co-pick frequency
HLT-000714,HLT-001394,DHL-WH-TX03,2,24.7841,Consider adjacent slotting — high co-pick frequency
HLT-000714,HLT-001645,DHL-WH-TX03,1,24.7841,Consider adjacent slotting — high co-pick frequency
AUT-001344,PHM-001249,DHL-WH-TX03,1,24.7841,Consider adjacent slotting — high co-pick frequency
ELC-001457,PHM-001024,DHL-WH-TX03,2,24.7841,Consider adjacent slotting — high co-pick frequency
AUT-001191,FSH-000225,DHL-WH-TX03,2,24.7841,Consider adjacent slotting — high co-pick frequency
ELC-000873,HLT-001905,DHL-WH-TX03,2,24.7841,Consider adjacent slotting — high co-pick frequency
CHM-001602,HLT-000714,DHL-WH-TX03,2,24.7841,Consider adjacent slotting — high co-pick frequency
ELC-000829,HLT-001645,DHL-WH-TX03,1,24.7841,Consider adjacent slotting — high co-pick frequency
FMC-000048,FMC-000137,DHL-WH-TX03,2,24.7841,Consider adjacent slotting — high co-pick frequency
ELC-000096,IND-000005,DHL-WH-TX03,3,24.5977,Consider adjacent slotting — high co-pick frequency
FSH-001916,IND-000724,DHL-WH-TX03,2,24.2333,Consider adjacent slotting — high co-pick frequency
FMC-000674,FSH-000901,DHL-WH-TX03,3,24.2333,Consider adjacent slotting — high co-pick frequency
IND-000606,PHM-001340,DHL-WH-TX03,2,24.2333,Consider adjacent slotting — high co-pick frequency
ELC-000753,PHM-001769,DHL-WH-TX03,4,24.2333,Consider adjacent slotting — high co-pick frequency
ELC-000355,ELC-001530,DHL-WH-TX03,2,24.2333,Consider adjacent slotting — high co-pick frequency
HLT-001497,PHM-000676,DHL-WH-TX03,4,24.2333,Consider adjacent slotting — high co-pick frequency
AUT-000593,FMC-000176,DHL-WH-TX03,4,24.2333,Consider adjacent slotting — high co-pick frequency
CHM-000958,PHM-000505,DHL-WH-TX03,3,24.2333,Consider adjacent slotting — high co-pick frequency
FMC-000187,FSH-000575,DHL-WH-TX03,2,24.2333,Consider adjacent slotting — high co-pick frequency
ELC-000376,PHM-000586,DHL-WH-TX03,3,24.2333,Consider adjacent slotting — high co-pick frequency
FSH-000809,HLT-001497,DHL-WH-TX03,2,24.2333,Consider adjacent slotting — high co-pick frequency
FMC-000153,FSH-000961,DHL-WH-TX03,2,24.2333,Consider adjacent slotting — high co-pick frequency
ELC-000631,ELC-001018,DHL-WH-TX03,2,24.2333,Consider adjacent slotting — high co-pick frequency
AUT-000894,HLT-000785,DHL-WH-TX03,2,24.2333,Consider adjacent slotting — high co-pick frequency
FSH-000901,HLT-000785,DHL-WH-TX03,2,24.2333,Consider adjacent slotting — high co-pick frequency
AUT-000863,FMC-001899,DHL-WH-TX03,2,24.2333,Consider adjacent slotting — high co-pick frequency
ELC-001824,PHM-001769,DHL-WH-TX03,3,24.2333,Consider adjacent slotting — high co-pick frequency
IND-000480,PHM-001340,DHL-WH-TX03,2,24.2333,Consider adjacent slotting — high co-pick frequency
CHM-000780,FSH-001916,DHL-WH-TX03,2,24.2333,Consider adjacent slotting — high co-pick frequency
AUT-001069,HLT-000785,DHL-WH-TX03,2,24.2333,Consider adjacent slotting — high co-pick frequency
FMC-001447,HLT-000148,DHL-WH-TX03,2,24.2333,Consider adjacent slotting — high co-pick frequency
ELC-001940,PHM-000586,DHL-WH-TX03,2,24.2333,Consider adjacent slotting — high co-pick frequency
ELC-001869,FMC-001746,DHL-WH-TX03,2,24.2333,Consider adjacent slotting — high co-pick frequency
FSH-000387,HLT-000041,DHL-WH-TX03,2,24.2333,Consider adjacent slotting — high co-pick frequency
FMC-001746,FSH-000575,DHL-WH-TX03,1,24.2333,Consider adjacent slotting — high co-pick frequency
FMC-001733,HLT-000882,DHL-WH-TX03,3,24.0551,Consider adjacent slotting — high co-pick frequency
CHM-000611,PHM-001293,DHL-WH-TX03,3,24.0551,Consider adjacent slotting — high co-pick frequency
FSH-000135,IND-001830,DHL-WH-TX03,3,24.0551,Consider adjacent slotting — high co-pick frequency
ELC-001589,FMC-001577,DHL-WH-TX03,3,23.967,Consider adjacent slotting — high co-pick frequency
FMC-001649,HLT-000906,DHL-WH-TX03,2,23.967,Consider adjacent slotting — high co-pick frequency
FSH-001048,HLT-000211,DHL-WH-TX03,2,23.967,Consider adjacent slotting — high co-pick frequency
HLT-001159,IND-001773,DHL-WH-TX03,2,23.967,Consider adjacent slotting — high co-pick frequency
ELC-001768,PHM-000200,DHL-WH-TX03,2,23.967,Consider adjacent slotting — high co-pick frequency
ELC-001767,FMC-000562,DHL-WH-TX03,3,23.967,Consider adjacent slotting — high co-pick frequency
FMC-001062,PHM-000377,DHL-WH-TX03,3,23.967,Consider adjacent slotting — high co-pick frequency
FSH-000725,IND-001773,DHL-WH-TX03,2,23.967,Consider adjacent slotting — high co-pick frequency
AUT-000420,HLT-001159,DHL-WH-TX03,2,23.967,Consider adjacent slotting — high co-pick frequency
AUT-001736,FMC-001379,DHL-WH-TX03,2,23.967,Consider adjacent slotting — high co-pick frequency
CHM-001724,FMC-001481,DHL-WH-TX03,2,23.967,Consider adjacent slotting — high co-pick frequency
FMC-001397,HLT-001431,DHL-WH-TX03,2,23.967,Consider adjacent slotting — high co-pick frequency
ELC-001173,HLT-000906,DHL-WH-TX03,2,23.967,Consider adjacent slotting — high co-pick frequency
CHM-001014,FMC-001010,DHL-WH-TX03,2,23.967,Consider adjacent slotting — high co-pick frequency
FMC-000334,HLT-001567,DHL-WH-TX03,2,23.967,Consider adjacent slotting — high co-pick frequency
ELC-001076,PHM-001204,DHL-WH-TX03,2,23.967,Consider adjacent slotting — high co-pick frequency
CHM-001214,HLT-001159,DHL-WH-TX03,2,23.967,Consider adjacent slotting — high co-pick frequency
CHM-001014,HLT-001089,DHL-WH-TX03,2,23.967,Consider adjacent slotting — high co-pick frequency
CHM-000858,ELC-001443,DHL-WH-TX03,2,23.967,Consider adjacent slotting — high co-pick frequency
ELC-000275,ELC-000673,DHL-WH-TX03,2,23.967,Consider adjacent slotting — high co-pick frequency
AUT-000420,AUT-001992,DHL-WH-TX03,1,23.967,Consider adjacent slotting — high co-pick frequency
ELC-001781,HLT-000714,DHL-WH-TX03,3,23.7927,Consider adjacent slotting — high co-pick frequency
PHM-000662,PHM-000995,DHL-WH-TX03,3,23.3679,Consider adjacent slotting — high co-pick frequency
FMC-000782,HLT-000624,DHL-WH-TX03,3,23.3679,Consider adjacent slotting — high co-pick frequency
FMC-001481,PHM-000027,DHL-WH-TX03,3,23.3679,Consider adjacent slotting — high co-pick frequency
FMC-000137,FMC-000246,DHL-WH-TX03,2,23.3262,Consider adjacent slotting — high co-pick frequency
IND-000365,IND-000924,DHL-WH-TX03,2,23.3262,Consider adjacent slotting — high co-pick frequency
CHM-001132,FMC-000963,DHL-WH-TX03,2,23.3262,Consider adjacent slotting — high co-pick frequency
PHM-000390,PHM-001629,DHL-WH-TX03,2,23.3262,Consider adjacent slotting — high co-pick frequency
CHM-001081,PHM-000155,DHL-WH-TX03,2,23.3262,Consider adjacent slotting — high co-pick frequency
CHM-000803,CHM-001132,DHL-WH-TX03,2,23.3262,Consider adjacent slotting — high co-pick frequency
