slotting_id,sku_id,warehouse_id,recommendation_date,prior_zone,recommended_zone,pick_frequency_at_recommendation,estimated_daily_minutes_saved,implementation_status,implementation_date,actual_minutes_saved_post,etl_loaded_at
437,FMC-001894,DHL-WH-NJ01,2023-12-31,Dispatch,Pick_Face,10,0.44,pending,,,2026-06-10 22:47:39.129482
220,PHM-001029,DHL-WH-IL02,2023-12-31,Receiving,Pick_Face,10,0.44,pending,,,2026-06-10 22:47:39.129482
658,FMC-000945,DHL-WH-TX03,2023-12-31,Dispatch,Pick_Face,10,0.44,pending,,,2026-06-10 22:47:39.129482
232,FMC-000930,DHL-WH-IL02,2023-12-31,Receiving,Pick_Face,8,0.36,pending,,,2026-06-10 22:47:39.129482
504,FSH-001234,DHL-WH-NJ01,2023-12-31,Reserve,Pick_Face,8,0.36,pending,,,2026-06-10 22:47:39.129482
80,FMC-001892,DHL-WH-IL02,2023-12-31,Bulk,Pick_Face,8,0.36,pending,,,2026-06-10 22:47:39.129482
753,ELC-000397,DHL-WH-TX03,2023-12-31,Reserve,Pick_Face,8,0.36,pending,,,2026-06-10 22:47:39.129482
7,AUT-000974,DHL-WH-IL02,2023-12-31,Dispatch,Pick_Face,8,0.36,pending,,,2026-06-10 22:47:39.129482
524,AUT-001176,DHL-WH-NJ01,2023-12-31,Bulk,Pick_Face,8,0.36,pending,,,2026-06-10 22:47:39.129482
819,ELC-000098,DHL-WH-TX03,2023-12-31,Receiving,Pick_Face,8,0.36,pending,,,2026-06-10 22:47:39.129482
605,ELC-001065,DHL-WH-TX03,2023-12-31,Reserve,Pick_Face,8,0.36,pending,,,2026-06-10 22:47:39.129482
619,AUT-001069,DHL-WH-TX03,2023-12-31,Reserve,Pick_Face,8,0.36,pending,,,2026-06-10 22:47:39.129482
648,CHM-000523,DHL-WH-TX03,2023-12-31,Dispatch,Pick_Face,8,0.36,pending,,,2026-06-10 22:47:39.129482
157,AUT-000040,DHL-WH-IL02,2023-12-31,Receiving,Pick_Face,7,0.31,pending,,,2026-06-10 22:47:39.129482
600,FSH-001700,DHL-WH-TX03,2023-12-31,Reserve,Pick_Face,7,0.31,pending,,,2026-06-10 22:47:39.129482
169,ELC-001429,DHL-WH-IL02,2023-12-31,Bulk,Pick_Face,7,0.31,pending,,,2026-06-10 22:47:39.129482
433,FSH-001707,DHL-WH-NJ01,2023-12-31,Dispatch,Pick_Face,7,0.31,pending,,,2026-06-10 22:47:39.129482
439,HLT-001648,DHL-WH-NJ01,2023-12-31,Receiving,Pick_Face,7,0.31,pending,,,2026-06-10 22:47:39.129482
444,CHM-001897,DHL-WH-NJ01,2023-12-31,Bulk,Pick_Face,7,0.31,pending,,,2026-06-10 22:47:39.129482
446,FSH-000017,DHL-WH-NJ01,2023-12-31,Receiving,Pick_Face,7,0.31,pending,,,2026-06-10 22:47:39.129482
205,FSH-001165,DHL-WH-IL02,2023-12-31,Dispatch,Pick_Face,7,0.31,pending,,,2026-06-10 22:47:39.129482
423,AUT-001072,DHL-WH-NJ01,2023-12-31,Reserve,Pick_Face,7,0.31,pending,,,2026-06-10 22:47:39.129482
464,PHM-000519,DHL-WH-NJ01,2023-12-31,Reserve,Pick_Face,7,0.31,pending,,,2026-06-10 22:47:39.129482
730,FMC-000122,DHL-WH-TX03,2023-12-31,Receiving,Pick_Face,7,0.31,pending,,,2026-06-10 22:47:39.129482
738,HLT-000309,DHL-WH-TX03,2023-12-31,Dispatch,Pick_Face,7,0.31,pending,,,2026-06-10 22:47:39.129482
740,ELC-001543,DHL-WH-TX03,2023-12-31,Bulk,Pick_Face,7,0.31,pending,,,2026-06-10 22:47:39.129482
248,FMC-000338,DHL-WH-IL02,2023-12-31,Dispatch,Pick_Face,7,0.31,pending,,,2026-06-10 22:47:39.129482
494,FSH-001889,DHL-WH-NJ01,2023-12-31,Receiving,Pick_Face,7,0.31,pending,,,2026-06-10 22:47:39.129482
258,ELC-001982,DHL-WH-IL02,2023-12-31,Bulk,Pick_Face,7,0.31,pending,,,2026-06-10 22:47:39.129482
518,FMC-000682,DHL-WH-NJ01,2023-12-31,Bulk,Pick_Face,7,0.31,pending,,,2026-06-10 22:47:39.129482
87,FSH-001038,DHL-WH-IL02,2023-12-31,Reserve,Pick_Face,7,0.31,pending,,,2026-06-10 22:47:39.129482
291,PHM-001141,DHL-WH-NJ01,2023-12-31,Receiving,Pick_Face,7,0.31,pending,,,2026-06-10 22:47:39.129482
317,CHM-001607,DHL-WH-NJ01,2023-12-31,Receiving,Pick_Face,7,0.31,pending,,,2026-06-10 22:47:39.129482
587,HLT-001217,DHL-WH-TX03,2023-12-31,Receiving,Pick_Face,7,0.31,pending,,,2026-06-10 22:47:39.129482
590,IND-000062,DHL-WH-TX03,2023-12-31,Receiving,Pick_Face,7,0.31,pending,,,2026-06-10 22:47:39.129482
596,FMC-000985,DHL-WH-TX03,2023-12-31,Receiving,Pick_Face,7,0.31,pending,,,2026-06-10 22:47:39.129482
815,FMC-001577,DHL-WH-TX03,2023-12-31,Receiving,Pick_Face,7,0.31,pending,,,2026-06-10 22:47:39.129482
387,AUT-000502,DHL-WH-NJ01,2023-12-31,Reserve,Pick_Face,7,0.31,pending,,,2026-06-10 22:47:39.129482
604,FMC-001551,DHL-WH-TX03,2023-12-31,Reserve,Pick_Face,7,0.31,pending,,,2026-06-10 22:47:39.129482
822,HLT-000073,DHL-WH-TX03,2023-12-31,Reserve,Pick_Face,7,0.31,pending,,,2026-06-10 22:47:39.129482
826,IND-001338,DHL-WH-TX03,2023-12-31,Dispatch,Pick_Face,7,0.31,pending,,,2026-06-10 22:47:39.129482
829,PHM-000179,DHL-WH-TX03,2023-12-31,Receiving,Pick_Face,7,0.31,pending,,,2026-06-10 22:47:39.129482
839,AUT-000726,DHL-WH-TX03,2023-12-31,Dispatch,Pick_Face,7,0.31,pending,,,2026-06-10 22:47:39.129482
459,AUT-001749,DHL-WH-NJ01,2023-12-31,Receiving,Pick_Face,7,0.31,pending,,,2026-06-10 22:47:39.129482
149,FSH-001143,DHL-WH-IL02,2023-12-31,Receiving,Pick_Face,6,0.27,pending,,,2026-06-10 22:47:39.129482
609,FMC-001299,DHL-WH-TX03,2023-12-31,Dispatch,Pick_Face,6,0.27,pending,,,2026-06-10 22:47:39.129482
684,CHM-001826,DHL-WH-TX03,2023-12-31,Receiving,Pick_Face,6,0.27,pending,,,2026-06-10 22:47:39.129482
685,IND-000460,DHL-WH-TX03,2023-12-31,Receiving,Pick_Face,6,0.27,pending,,,2026-06-10 22:47:39.129482
692,FSH-000104,DHL-WH-TX03,2023-12-31,Reserve,Pick_Face,6,0.27,pending,,,2026-06-10 22:47:39.129482
165,PHM-001204,DHL-WH-IL02,2023-12-31,Dispatch,Pick_Face,6,0.27,pending,,,2026-06-10 22:47:39.129482
424,HLT-000417,DHL-WH-NJ01,2023-12-31,Reserve,Pick_Face,6,0.27,pending,,,2026-06-10 22:47:39.129482
167,HLT-000332,DHL-WH-IL02,2023-12-31,Reserve,Pick_Face,6,0.27,pending,,,2026-06-10 22:47:39.129482
176,FMC-001526,DHL-WH-IL02,2023-12-31,Receiving,Pick_Face,6,0.27,pending,,,2026-06-10 22:47:39.129482
431,PHM-001082,DHL-WH-NJ01,2023-12-31,Dispatch,Pick_Face,6,0.27,pending,,,2026-06-10 22:47:39.129482
183,HLT-001672,DHL-WH-IL02,2023-12-31,Receiving,Pick_Face,6,0.27,pending,,,2026-06-10 22:47:39.129482
191,IND-001725,DHL-WH-IL02,2023-12-31,Dispatch,Pick_Face,6,0.27,pending,,,2026-06-10 22:47:39.129482
192,FSH-000160,DHL-WH-IL02,2023-12-31,Bulk,Pick_Face,6,0.27,pending,,,2026-06-10 22:47:39.129482
706,PHM-001626,DHL-WH-TX03,2023-12-31,Dispatch,Pick_Face,6,0.27,pending,,,2026-06-10 22:47:39.129482
19,FMC-000859,DHL-WH-IL02,2023-12-31,Bulk,Pick_Face,6,0.27,pending,,,2026-06-10 22:47:39.129482
447,ELC-000903,DHL-WH-NJ01,2023-12-31,Reserve,Pick_Face,6,0.27,pending,,,2026-06-10 22:47:39.129482
468,CHM-001888,DHL-WH-NJ01,2023-12-31,Receiving,Pick_Face,6,0.27,pending,,,2026-06-10 22:47:39.129482
469,AUT-001170,DHL-WH-NJ01,2023-12-31,Bulk,Pick_Face,6,0.27,pending,,,2026-06-10 22:47:39.129482
218,PHM-000861,DHL-WH-IL02,2023-12-31,Dispatch,Pick_Face,6,0.27,pending,,,2026-06-10 22:47:39.129482
219,FMC-001005,DHL-WH-IL02,2023-12-31,Receiving,Pick_Face,6,0.27,pending,,,2026-06-10 22:47:39.129482
64,FMC-001679,DHL-WH-IL02,2023-12-31,Bulk,Pick_Face,6,0.27,pending,,,2026-06-10 22:47:39.129482
3,FMC-001656,DHL-WH-IL02,2023-12-31,Bulk,Pick_Face,6,0.27,pending,,,2026-06-10 22:47:39.129482
737,CHM-001653,DHL-WH-TX03,2023-12-31,Receiving,Pick_Face,6,0.27,pending,,,2026-06-10 22:47:39.129482
67,PHM-001358,DHL-WH-IL02,2023-12-31,Dispatch,Pick_Face,6,0.27,pending,,,2026-06-10 22:47:39.129482
236,ELC-001768,DHL-WH-IL02,2023-12-31,Receiving,Pick_Face,6,0.27,pending,,,2026-06-10 22:47:39.129482
69,FMC-001523,DHL-WH-IL02,2023-12-31,Receiving,Pick_Face,6,0.27,pending,,,2026-06-10 22:47:39.129482
150,FSH-000384,DHL-WH-IL02,2023-12-31,Receiving,Pick_Face,6,0.27,pending,,,2026-06-10 22:47:39.129482
71,HLT-000933,DHL-WH-IL02,2023-12-31,Dispatch,Pick_Face,6,0.27,pending,,,2026-06-10 22:47:39.129482
241,FMC-000381,DHL-WH-IL02,2023-12-31,Receiving,Pick_Face,6,0.27,pending,,,2026-06-10 22:47:39.129482
744,HLT-000340,DHL-WH-TX03,2023-12-31,Receiving,Pick_Face,6,0.27,pending,,,2026-06-10 22:47:39.129482
28,AUT-001705,DHL-WH-IL02,2023-12-31,Bulk,Pick_Face,6,0.27,pending,,,2026-06-10 22:47:39.129482
747,AUT-001195,DHL-WH-TX03,2023-12-31,Receiving,Pick_Face,6,0.27,pending,,,2026-06-10 22:47:39.129482
29,PHM-001670,DHL-WH-IL02,2023-12-31,Bulk,Pick_Face,6,0.27,pending,,,2026-06-10 22:47:39.129482
749,IND-001436,DHL-WH-TX03,2023-12-31,Bulk,Pick_Face,6,0.27,pending,,,2026-06-10 22:47:39.129482
78,HLT-000969,DHL-WH-IL02,2023-12-31,Reserve,Pick_Face,6,0.27,pending,,,2026-06-10 22:47:39.129482
751,CHM-001073,DHL-WH-TX03,2023-12-31,Dispatch,Pick_Face,6,0.27,pending,,,2026-06-10 22:47:39.129482
508,HLT-001721,DHL-WH-NJ01,2023-12-31,Bulk,Pick_Face,6,0.27,pending,,,2026-06-10 22:47:39.129482
511,AUT-000894,DHL-WH-NJ01,2023-12-31,Receiving,Pick_Face,6,0.27,pending,,,2026-06-10 22:47:39.129482
516,FSH-001563,DHL-WH-NJ01,2023-12-31,Receiving,Pick_Face,6,0.27,pending,,,2026-06-10 22:47:39.129482
83,AUT-001221,DHL-WH-IL02,2023-12-31,Receiving,Pick_Face,6,0.27,pending,,,2026-06-10 22:47:39.129482
517,CHM-000202,DHL-WH-NJ01,2023-12-31,Dispatch,Pick_Face,6,0.27,pending,,,2026-06-10 22:47:39.129482
759,FMC-000592,DHL-WH-TX03,2023-12-31,Receiving,Pick_Face,6,0.27,pending,,,2026-06-10 22:47:39.129482
30,FSH-000812,DHL-WH-IL02,2023-12-31,Dispatch,Pick_Face,6,0.27,pending,,,2026-06-10 22:47:39.129482
519,IND-001676,DHL-WH-NJ01,2023-12-31,Receiving,Pick_Face,6,0.27,pending,,,2026-06-10 22:47:39.129482
520,FMC-001378,DHL-WH-NJ01,2023-12-31,Reserve,Pick_Face,6,0.27,pending,,,2026-06-10 22:47:39.129482
763,FSH-001310,DHL-WH-TX03,2023-12-31,Receiving,Pick_Face,6,0.27,pending,,,2026-06-10 22:47:39.129482
90,FSH-000388,DHL-WH-IL02,2023-12-31,Dispatch,Pick_Face,6,0.27,pending,,,2026-06-10 22:47:39.129482
764,FMC-001964,DHL-WH-TX03,2023-12-31,Reserve,Pick_Face,6,0.27,pending,,,2026-06-10 22:47:39.129482
523,PHM-000083,DHL-WH-NJ01,2023-12-31,Receiving,Pick_Face,6,0.27,pending,,,2026-06-10 22:47:39.129482
769,PHM-000756,DHL-WH-TX03,2023-12-31,Dispatch,Pick_Face,6,0.27,pending,,,2026-06-10 22:47:39.129482
283,HLT-000455,DHL-WH-NJ01,2023-12-31,Receiving,Pick_Face,6,0.27,pending,,,2026-06-10 22:47:39.129482
287,FMC-000729,DHL-WH-NJ01,2023-12-31,Reserve,Pick_Face,6,0.27,pending,,,2026-06-10 22:47:39.129482
531,AUT-000740,DHL-WH-NJ01,2023-12-31,Bulk,Pick_Face,6,0.27,pending,,,2026-06-10 22:47:39.129482
292,IND-000679,DHL-WH-NJ01,2023-12-31,Receiving,Pick_Face,6,0.27,pending,,,2026-06-10 22:47:39.129482
297,HLT-001947,DHL-WH-NJ01,2023-12-31,Reserve,Pick_Face,6,0.27,pending,,,2026-06-10 22:47:39.129482
541,IND-001325,DHL-WH-NJ01,2023-12-31,Dispatch,Pick_Face,6,0.27,pending,,,2026-06-10 22:47:39.129482
300,FSH-001686,DHL-WH-NJ01,2023-12-31,Dispatch,Pick_Face,6,0.27,pending,,,2026-06-10 22:47:39.129482
781,AUT-000527,DHL-WH-TX03,2023-12-31,Receiving,Pick_Face,6,0.27,pending,,,2026-06-10 22:47:39.129482
315,FMC-001959,DHL-WH-NJ01,2023-12-31,Bulk,Pick_Face,6,0.27,pending,,,2026-06-10 22:47:39.129482
316,AUT-000940,DHL-WH-NJ01,2023-12-31,Receiving,Pick_Face,6,0.27,pending,,,2026-06-10 22:47:39.129482
33,PHM-000270,DHL-WH-IL02,2023-12-31,Dispatch,Pick_Face,6,0.27,pending,,,2026-06-10 22:47:39.129482
574,AUT-000457,DHL-WH-TX03,2023-12-31,Bulk,Pick_Face,6,0.27,pending,,,2026-06-10 22:47:39.129482
576,IND-001517,DHL-WH-TX03,2023-12-31,Bulk,Pick_Face,6,0.27,pending,,,2026-06-10 22:47:39.129482
583,AUT-001031,DHL-WH-TX03,2023-12-31,Bulk,Pick_Face,6,0.27,pending,,,2026-06-10 22:47:39.129482
108,CHM-001246,DHL-WH-IL02,2023-12-31,Dispatch,Pick_Face,6,0.27,pending,,,2026-06-10 22:47:39.129482
109,FSH-000927,DHL-WH-IL02,2023-12-31,Receiving,Pick_Face,6,0.27,pending,,,2026-06-10 22:47:39.129482
589,CHM-001158,DHL-WH-TX03,2023-12-31,Bulk,Pick_Face,6,0.27,pending,,,2026-06-10 22:47:39.129482
331,HLT-001672,DHL-WH-NJ01,2023-12-31,Bulk,Pick_Face,6,0.27,pending,,,2026-06-10 22:47:39.129482
334,FMC-001377,DHL-WH-NJ01,2023-12-31,Receiving,Pick_Face,6,0.27,pending,,,2026-06-10 22:47:39.129482
592,FMC-001101,DHL-WH-TX03,2023-12-31,Dispatch,Pick_Face,6,0.27,pending,,,2026-06-10 22:47:39.129482
816,FMC-001273,DHL-WH-TX03,2023-12-31,Reserve,Pick_Face,6,0.27,pending,,,2026-06-10 22:47:39.129482
599,HLT-001855,DHL-WH-TX03,2023-12-31,Bulk,Pick_Face,6,0.27,pending,,,2026-06-10 22:47:39.129482
116,AUT-000918,DHL-WH-IL02,2023-12-31,Dispatch,Pick_Face,6,0.27,pending,,,2026-06-10 22:47:39.129482
601,FMC-001790,DHL-WH-TX03,2023-12-31,Dispatch,Pick_Face,6,0.27,pending,,,2026-06-10 22:47:39.129482
602,AUT-001170,DHL-WH-TX03,2023-12-31,Receiving,Pick_Face,6,0.27,pending,,,2026-06-10 22:47:39.129482
820,FMC-000044,DHL-WH-TX03,2023-12-31,Reserve,Pick_Face,6,0.27,pending,,,2026-06-10 22:47:39.129482
11,AUT-001813,DHL-WH-IL02,2023-12-31,Bulk,Pick_Face,6,0.27,pending,,,2026-06-10 22:47:39.129482
608,HLT-001594,DHL-WH-TX03,2023-12-31,Dispatch,Pick_Face,6,0.27,pending,,,2026-06-10 22:47:39.129482
122,PHM-001232,DHL-WH-IL02,2023-12-31,Receiving,Pick_Face,6,0.27,pending,,,2026-06-10 22:47:39.129482
148,ELC-001912,DHL-WH-IL02,2023-12-31,Reserve,Pick_Face,6,0.27,pending,,,2026-06-10 22:47:39.129482
825,IND-001900,DHL-WH-TX03,2023-12-31,Reserve,Pick_Face,6,0.27,pending,,,2026-06-10 22:47:39.129482
828,PHM-000261,DHL-WH-TX03,2023-12-31,Receiving,Pick_Face,6,0.27,pending,,,2026-06-10 22:47:39.129482
837,FSH-000500,DHL-WH-TX03,2023-12-31,Reserve,Pick_Face,6,0.27,pending,,,2026-06-10 22:47:39.129482
364,FMC-001577,DHL-WH-NJ01,2023-12-31,Dispatch,Pick_Face,6,0.27,pending,,,2026-06-10 22:47:39.129482
625,ELC-001666,DHL-WH-TX03,2023-12-31,Dispatch,Pick_Face,6,0.27,pending,,,2026-06-10 22:47:39.129482
380,HLT-001896,DHL-WH-NJ01,2023-12-31,Dispatch,Pick_Face,6,0.27,pending,,,2026-06-10 22:47:39.129482
13,HLT-001594,DHL-WH-IL02,2023-12-31,Receiving,Pick_Face,6,0.27,pending,,,2026-06-10 22:47:39.129482
384,AUT-001088,DHL-WH-NJ01,2023-12-31,Dispatch,Pick_Face,6,0.27,pending,,,2026-06-10 22:47:39.129482
385,FMC-001991,DHL-WH-NJ01,2023-12-31,Receiving,Pick_Face,6,0.27,pending,,,2026-06-10 22:47:39.129482
391,FMC-000993,DHL-WH-NJ01,2023-12-31,Bulk,Pick_Face,6,0.27,pending,,,2026-06-10 22:47:39.129482
393,CHM-001872,DHL-WH-NJ01,2023-12-31,Dispatch,Pick_Face,6,0.27,pending,,,2026-06-10 22:47:39.129482
665,ELC-001428,DHL-WH-TX03,2023-12-31,Reserve,Pick_Face,6,0.27,pending,,,2026-06-10 22:47:39.129482
859,FMC-000630,DHL-WH-TX03,2023-12-31,Reserve,Pick_Face,6,0.27,pending,,,2026-06-10 22:47:39.129482
668,FMC-001741,DHL-WH-TX03,2023-12-31,Dispatch,Pick_Face,6,0.27,pending,,,2026-06-10 22:47:39.129482
394,FMC-001886,DHL-WH-NJ01,2023-12-31,Bulk,Pick_Face,6,0.27,pending,,,2026-06-10 22:47:39.129482
395,AUT-000685,DHL-WH-NJ01,2023-12-31,Dispatch,Pick_Face,6,0.27,pending,,,2026-06-10 22:47:39.129482
674,FMC-001618,DHL-WH-TX03,2023-12-31,Dispatch,Pick_Face,6,0.27,pending,,,2026-06-10 22:47:39.129482
675,HLT-000531,DHL-WH-TX03,2023-12-31,Dispatch,Pick_Face,6,0.27,pending,,,2026-06-10 22:47:39.129482
143,FMC-001959,DHL-WH-IL02,2023-12-31,Dispatch,Pick_Face,6,0.27,pending,,,2026-06-10 22:47:39.129482
403,IND-001900,DHL-WH-NJ01,2023-12-31,Receiving,Pick_Face,6,0.27,pending,,,2026-06-10 22:47:39.129482
145,FSH-001099,DHL-WH-IL02,2023-12-31,Reserve,Pick_Face,6,0.27,pending,,,2026-06-10 22:47:39.129482
676,HLT-001721,DHL-WH-TX03,2023-12-31,Receiving,Pick_Face,6,0.27,pending,,,2026-06-10 22:47:39.129482
404,AUT-001006,DHL-WH-NJ01,2023-12-31,Reserve,Pick_Face,6,0.27,pending,,,2026-06-10 22:47:39.129482
239,FSH-000730,DHL-WH-IL02,2023-12-31,Receiving,Pick_Face,6,0.27,pending,,,2026-06-10 22:47:39.129482
1,PHM-001343,DHL-WH-IL02,2023-12-31,Dispatch,Pick_Face,5,0.22,pending,,,2026-06-10 22:47:39.129482
45,HLT-001969,DHL-WH-IL02,2023-12-31,Receiving,Pick_Face,5,0.22,pending,,,2026-06-10 22:47:39.129482
680,FSH-001161,DHL-WH-TX03,2023-12-31,Reserve,Pick_Face,5,0.22,pending,,,2026-06-10 22:47:39.129482
682,HLT-000327,DHL-WH-TX03,2023-12-31,Reserve,Pick_Face,5,0.22,pending,,,2026-06-10 22:47:39.129482
152,ELC-000800,DHL-WH-IL02,2023-12-31,Bulk,Pick_Face,5,0.22,pending,,,2026-06-10 22:47:39.129482
153,FMC-000952,DHL-WH-IL02,2023-12-31,Reserve,Pick_Face,5,0.22,pending,,,2026-06-10 22:47:39.129482
683,FSH-001333,DHL-WH-TX03,2023-12-31,Receiving,Pick_Face,5,0.22,pending,,,2026-06-10 22:47:39.129482
155,PHM-001970,DHL-WH-IL02,2023-12-31,Dispatch,Pick_Face,5,0.22,pending,,,2026-06-10 22:47:39.129482
686,PHM-001382,DHL-WH-TX03,2023-12-31,Reserve,Pick_Face,5,0.22,pending,,,2026-06-10 22:47:39.129482
688,CHM-000657,DHL-WH-TX03,2023-12-31,Dispatch,Pick_Face,5,0.22,pending,,,2026-06-10 22:47:39.129482
158,PHM-001779,DHL-WH-IL02,2023-12-31,Bulk,Pick_Face,5,0.22,pending,,,2026-06-10 22:47:39.129482
691,FMC-000602,DHL-WH-TX03,2023-12-31,Dispatch,Pick_Face,5,0.22,pending,,,2026-06-10 22:47:39.129482
693,IND-000877,DHL-WH-TX03,2023-12-31,Dispatch,Pick_Face,5,0.22,pending,,,2026-06-10 22:47:39.129482
15,IND-000581,DHL-WH-IL02,2023-12-31,Bulk,Pick_Face,5,0.22,pending,,,2026-06-10 22:47:39.129482
162,HLT-000706,DHL-WH-IL02,2023-12-31,Reserve,Pick_Face,5,0.22,pending,,,2026-06-10 22:47:39.129482
163,FMC-000445,DHL-WH-IL02,2023-12-31,Dispatch,Pick_Face,5,0.22,pending,,,2026-06-10 22:47:39.129482
164,FMC-000865,DHL-WH-IL02,2023-12-31,Dispatch,Pick_Face,5,0.22,pending,,,2026-06-10 22:47:39.129482
425,IND-001427,DHL-WH-NJ01,2023-12-31,Reserve,Pick_Face,5,0.22,pending,,,2026-06-10 22:47:39.129482
166,AUT-000940,DHL-WH-IL02,2023-12-31,Reserve,Pick_Face,5,0.22,pending,,,2026-06-10 22:47:39.129482
696,FSH-001640,DHL-WH-TX03,2023-12-31,Bulk,Pick_Face,5,0.22,pending,,,2026-06-10 22:47:39.129482
697,FMC-001378,DHL-WH-TX03,2023-12-31,Reserve,Pick_Face,5,0.22,pending,,,2026-06-10 22:47:39.129482
16,CHM-001973,DHL-WH-IL02,2023-12-31,Reserve,Pick_Face,5,0.22,pending,,,2026-06-10 22:47:39.129482
426,PHM-000161,DHL-WH-NJ01,2023-12-31,Reserve,Pick_Face,5,0.22,pending,,,2026-06-10 22:47:39.129482
171,FMC-000319,DHL-WH-IL02,2023-12-31,Reserve,Pick_Face,5,0.22,pending,,,2026-06-10 22:47:39.129482
172,AUT-000687,DHL-WH-IL02,2023-12-31,Receiving,Pick_Face,5,0.22,pending,,,2026-06-10 22:47:39.129482
428,HLT-000354,DHL-WH-NJ01,2023-12-31,Bulk,Pick_Face,5,0.22,pending,,,2026-06-10 22:47:39.129482
174,FMC-001874,DHL-WH-IL02,2023-12-31,Dispatch,Pick_Face,5,0.22,pending,,,2026-06-10 22:47:39.129482
429,FSH-000868,DHL-WH-NJ01,2023-12-31,Bulk,Pick_Face,5,0.22,pending,,,2026-06-10 22:47:39.129482
53,FMC-000251,DHL-WH-IL02,2023-12-31,Reserve,Pick_Face,5,0.22,pending,,,2026-06-10 22:47:39.129482
432,IND-000652,DHL-WH-NJ01,2023-12-31,Bulk,Pick_Face,5,0.22,pending,,,2026-06-10 22:47:39.129482
178,IND-000976,DHL-WH-IL02,2023-12-31,Dispatch,Pick_Face,5,0.22,pending,,,2026-06-10 22:47:39.129482
179,ELC-001979,DHL-WH-IL02,2023-12-31,Reserve,Pick_Face,5,0.22,pending,,,2026-06-10 22:47:39.129482
17,AUT-000899,DHL-WH-IL02,2023-12-31,Reserve,Pick_Face,5,0.22,pending,,,2026-06-10 22:47:39.129482
700,IND-001646,DHL-WH-TX03,2023-12-31,Reserve,Pick_Face,5,0.22,pending,,,2026-06-10 22:47:39.129482
434,ELC-000210,DHL-WH-NJ01,2023-12-31,Receiving,Pick_Face,5,0.22,pending,,,2026-06-10 22:47:39.129482
435,PHM-000268,DHL-WH-NJ01,2023-12-31,Dispatch,Pick_Face,5,0.22,pending,,,2026-06-10 22:47:39.129482
702,PHM-000703,DHL-WH-TX03,2023-12-31,Reserve,Pick_Face,5,0.22,pending,,,2026-06-10 22:47:39.129482
185,FMC-000038,DHL-WH-IL02,2023-12-31,Reserve,Pick_Face,5,0.22,pending,,,2026-06-10 22:47:39.129482
186,FSH-001117,DHL-WH-IL02,2023-12-31,Bulk,Pick_Face,5,0.22,pending,,,2026-06-10 22:47:39.129482
187,FMC-001285,DHL-WH-IL02,2023-12-31,Bulk,Pick_Face,5,0.22,pending,,,2026-06-10 22:47:39.129482
188,FMC-000683,DHL-WH-IL02,2023-12-31,Receiving,Pick_Face,5,0.22,pending,,,2026-06-10 22:47:39.129482
436,ELC-001869,DHL-WH-NJ01,2023-12-31,Reserve,Pick_Face,5,0.22,pending,,,2026-06-10 22:47:39.129482
2,AUT-001166,DHL-WH-IL02,2023-12-31,Receiving,Pick_Face,5,0.22,pending,,,2026-06-10 22:47:39.129482
703,FMC-000807,DHL-WH-TX03,2023-12-31,Dispatch,Pick_Face,5,0.22,pending,,,2026-06-10 22:47:39.129482
704,FSH-000660,DHL-WH-TX03,2023-12-31,Bulk,Pick_Face,5,0.22,pending,,,2026-06-10 22:47:39.129482
440,FMC-001481,DHL-WH-NJ01,2023-12-31,Bulk,Pick_Face,5,0.22,pending,,,2026-06-10 22:47:39.129482
194,FMC-000246,DHL-WH-IL02,2023-12-31,Bulk,Pick_Face,5,0.22,pending,,,2026-06-10 22:47:39.129482
441,AUT-000911,DHL-WH-NJ01,2023-12-31,Receiving,Pick_Face,5,0.22,pending,,,2026-06-10 22:47:39.129482
443,IND-001175,DHL-WH-NJ01,2023-12-31,Receiving,Pick_Face,5,0.22,pending,,,2026-06-10 22:47:39.129482
445,HLT-000055,DHL-WH-NJ01,2023-12-31,Receiving,Pick_Face,5,0.22,pending,,,2026-06-10 22:47:39.129482
20,PHM-001016,DHL-WH-IL02,2023-12-31,Receiving,Pick_Face,5,0.22,pending,,,2026-06-10 22:47:39.129482
199,FMC-000623,DHL-WH-IL02,2023-12-31,Dispatch,Pick_Face,5,0.22,pending,,,2026-06-10 22:47:39.129482
448,FMC-001027,DHL-WH-NJ01,2023-12-31,Receiving,Pick_Face,5,0.22,pending,,,2026-06-10 22:47:39.129482
449,FSH-000108,DHL-WH-NJ01,2023-12-31,Reserve,Pick_Face,5,0.22,pending,,,2026-06-10 22:47:39.129482
710,AUT-000117,DHL-WH-TX03,2023-12-31,Reserve,Pick_Face,5,0.22,pending,,,2026-06-10 22:47:39.129482
203,ELC-001321,DHL-WH-IL02,2023-12-31,Receiving,Pick_Face,5,0.22,pending,,,2026-06-10 22:47:39.129482
456,FMC-001656,DHL-WH-NJ01,2023-12-31,Bulk,Pick_Face,5,0.22,pending,,,2026-06-10 22:47:39.129482
21,FMC-001584,DHL-WH-IL02,2023-12-31,Bulk,Pick_Face,5,0.22,pending,,,2026-06-10 22:47:39.129482
457,FMC-001017,DHL-WH-NJ01,2023-12-31,Dispatch,Pick_Face,5,0.22,pending,,,2026-06-10 22:47:39.129482
207,HLT-000455,DHL-WH-IL02,2023-12-31,Dispatch,Pick_Face,5,0.22,pending,,,2026-06-10 22:47:39.129482
22,FMC-001017,DHL-WH-IL02,2023-12-31,Bulk,Pick_Face,5,0.22,pending,,,2026-06-10 22:47:39.129482
460,FMC-001628,DHL-WH-NJ01,2023-12-31,Dispatch,Pick_Face,5,0.22,pending,,,2026-06-10 22:47:39.129482
461,FMC-001807,DHL-WH-NJ01,2023-12-31,Receiving,Pick_Face,5,0.22,pending,,,2026-06-10 22:47:39.129482
463,FMC-001831,DHL-WH-NJ01,2023-12-31,Reserve,Pick_Face,5,0.22,pending,,,2026-06-10 22:47:39.129482
471,FMC-001997,DHL-WH-NJ01,2023-12-31,Dispatch,Pick_Face,5,0.22,pending,,,2026-06-10 22:47:39.129482
473,HLT-000059,DHL-WH-NJ01,2023-12-31,Reserve,Pick_Face,5,0.22,pending,,,2026-06-10 22:47:39.129482
476,FMC-000510,DHL-WH-NJ01,2023-12-31,Dispatch,Pick_Face,5,0.22,pending,,,2026-06-10 22:47:39.129482
477,PHM-000438,DHL-WH-NJ01,2023-12-31,Dispatch,Pick_Face,5,0.22,pending,,,2026-06-10 22:47:39.129482
216,AUT-000808,DHL-WH-IL02,2023-12-31,Receiving,Pick_Face,5,0.22,pending,,,2026-06-10 22:47:39.129482
24,HLT-000059,DHL-WH-IL02,2023-12-31,Reserve,Pick_Face,5,0.22,pending,,,2026-06-10 22:47:39.129482
480,CHM-000391,DHL-WH-NJ01,2023-12-31,Reserve,Pick_Face,5,0.22,pending,,,2026-06-10 22:47:39.129482
65,FMC-000250,DHL-WH-IL02,2023-12-31,Dispatch,Pick_Face,5,0.22,pending,,,2026-06-10 22:47:39.129482
66,PHM-000973,DHL-WH-IL02,2023-12-31,Receiving,Pick_Face,5,0.22,pending,,,2026-06-10 22:47:39.129482
221,HLT-000073,DHL-WH-IL02,2023-12-31,Dispatch,Pick_Face,5,0.22,pending,,,2026-06-10 22:47:39.129482
733,FSH-001576,DHL-WH-TX03,2023-12-31,Dispatch,Pick_Face,5,0.22,pending,,,2026-06-10 22:47:39.129482
735,FSH-001165,DHL-WH-TX03,2023-12-31,Receiving,Pick_Face,5,0.22,pending,,,2026-06-10 22:47:39.129482
224,FSH-001916,DHL-WH-IL02,2023-12-31,Bulk,Pick_Face,5,0.22,pending,,,2026-06-10 22:47:39.129482
68,ELC-001578,DHL-WH-IL02,2023-12-31,Receiving,Pick_Face,5,0.22,pending,,,2026-06-10 22:47:39.129482
226,FMC-000100,DHL-WH-IL02,2023-12-31,Reserve,Pick_Face,5,0.22,pending,,,2026-06-10 22:47:39.129482
227,PHM-001064,DHL-WH-IL02,2023-12-31,Reserve,Pick_Face,5,0.22,pending,,,2026-06-10 22:47:39.129482
25,CHM-001014,DHL-WH-IL02,2023-12-31,Bulk,Pick_Face,5,0.22,pending,,,2026-06-10 22:47:39.129482
229,IND-001288,DHL-WH-IL02,2023-12-31,Reserve,Pick_Face,5,0.22,pending,,,2026-06-10 22:47:39.129482
230,IND-001308,DHL-WH-IL02,2023-12-31,Receiving,Pick_Face,5,0.22,pending,,,2026-06-10 22:47:39.129482
739,AUT-000171,DHL-WH-TX03,2023-12-31,Bulk,Pick_Face,5,0.22,pending,,,2026-06-10 22:47:39.129482
4,FMC-000033,DHL-WH-IL02,2023-12-31,Reserve,Pick_Face,5,0.22,pending,,,2026-06-10 22:47:39.129482
233,FMC-001524,DHL-WH-IL02,2023-12-31,Receiving,Pick_Face,5,0.22,pending,,,2026-06-10 22:47:39.129482
741,PHM-001141,DHL-WH-TX03,2023-12-31,Dispatch,Pick_Face,5,0.22,pending,,,2026-06-10 22:47:39.129482
235,FMC-000713,DHL-WH-IL02,2023-12-31,Dispatch,Pick_Face,5,0.22,pending,,,2026-06-10 22:47:39.129482
742,FMC-000474,DHL-WH-TX03,2023-12-31,Receiving,Pick_Face,5,0.22,pending,,,2026-06-10 22:47:39.129482
237,FMC-001186,DHL-WH-IL02,2023-12-31,Dispatch,Pick_Face,5,0.22,pending,,,2026-06-10 22:47:39.129482
238,FMC-000993,DHL-WH-IL02,2023-12-31,Bulk,Pick_Face,5,0.22,pending,,,2026-06-10 22:47:39.129482
72,PHM-000902,DHL-WH-IL02,2023-12-31,Receiving,Pick_Face,5,0.22,pending,,,2026-06-10 22:47:39.129482
240,ELC-001053,DHL-WH-IL02,2023-12-31,Dispatch,Pick_Face,5,0.22,pending,,,2026-06-10 22:47:39.129482
73,HLT-000030,DHL-WH-IL02,2023-12-31,Reserve,Pick_Face,5,0.22,pending,,,2026-06-10 22:47:39.129482
242,FMC-001060,DHL-WH-IL02,2023-12-31,Reserve,Pick_Face,5,0.22,pending,,,2026-06-10 22:47:39.129482
243,FSH-001841,DHL-WH-IL02,2023-12-31,Reserve,Pick_Face,5,0.22,pending,,,2026-06-10 22:47:39.129482
244,FSH-000767,DHL-WH-IL02,2023-12-31,Dispatch,Pick_Face,5,0.22,pending,,,2026-06-10 22:47:39.129482
245,PHM-001839,DHL-WH-IL02,2023-12-31,Dispatch,Pick_Face,5,0.22,pending,,,2026-06-10 22:47:39.129482
246,IND-001569,DHL-WH-IL02,2023-12-31,Dispatch,Pick_Face,5,0.22,pending,,,2026-06-10 22:47:39.129482
247,ELC-001975,DHL-WH-IL02,2023-12-31,Dispatch,Pick_Face,5,0.22,pending,,,2026-06-10 22:47:39.129482
27,HLT-000036,DHL-WH-IL02,2023-12-31,Bulk,Pick_Face,5,0.22,pending,,,2026-06-10 22:47:39.129482
495,FMC-000176,DHL-WH-NJ01,2023-12-31,Reserve,Pick_Face,5,0.22,pending,,,2026-06-10 22:47:39.129482
745,HLT-000790,DHL-WH-TX03,2023-12-31,Receiving,Pick_Face,5,0.22,pending,,,2026-06-10 22:47:39.129482
251,PHM-000200,DHL-WH-IL02,2023-12-31,Dispatch,Pick_Face,5,0.22,pending,,,2026-06-10 22:47:39.129482
498,FMC-001192,DHL-WH-NJ01,2023-12-31,Reserve,Pick_Face,5,0.22,pending,,,2026-06-10 22:47:39.129482
499,PHM-001249,DHL-WH-NJ01,2023-12-31,Receiving,Pick_Face,5,0.22,pending,,,2026-06-10 22:47:39.129482
500,HLT-000771,DHL-WH-NJ01,2023-12-31,Reserve,Pick_Face,5,0.22,pending,,,2026-06-10 22:47:39.129482
501,IND-000929,DHL-WH-NJ01,2023-12-31,Bulk,Pick_Face,5,0.22,pending,,,2026-06-10 22:47:39.129482
502,FMC-001850,DHL-WH-NJ01,2023-12-31,Dispatch,Pick_Face,5,0.22,pending,,,2026-06-10 22:47:39.129482
76,IND-001871,DHL-WH-IL02,2023-12-31,Receiving,Pick_Face,5,0.22,pending,,,2026-06-10 22:47:39.129482
77,ELC-000349,DHL-WH-IL02,2023-12-31,Receiving,Pick_Face,5,0.22,pending,,,2026-06-10 22:47:39.129482
503,PHM-001914,DHL-WH-NJ01,2023-12-31,Bulk,Pick_Face,5,0.22,pending,,,2026-06-10 22:47:39.129482
750,IND-000006,DHL-WH-TX03,2023-12-31,Receiving,Pick_Face,5,0.22,pending,,,2026-06-10 22:47:39.129482
261,FMC-001622,DHL-WH-IL02,2023-12-31,Receiving,Pick_Face,5,0.22,pending,,,2026-06-10 22:47:39.129482
6,IND-000063,DHL-WH-IL02,2023-12-31,Reserve,Pick_Face,5,0.22,pending,,,2026-06-10 22:47:39.129482
505,FSH-000104,DHL-WH-NJ01,2023-12-31,Reserve,Pick_Face,5,0.22,pending,,,2026-06-10 22:47:39.129482
506,PHM-000314,DHL-WH-NJ01,2023-12-31,Dispatch,Pick_Face,5,0.22,pending,,,2026-06-10 22:47:39.129482
81,PHM-000887,DHL-WH-IL02,2023-12-31,Reserve,Pick_Face,5,0.22,pending,,,2026-06-10 22:47:39.129482
752,ELC-000298,DHL-WH-TX03,2023-12-31,Reserve,Pick_Face,5,0.22,pending,,,2026-06-10 22:47:39.129482
513,CHM-001246,DHL-WH-NJ01,2023-12-31,Reserve,Pick_Face,5,0.22,pending,,,2026-06-10 22:47:39.129482
514,PHM-000902,DHL-WH-NJ01,2023-12-31,Reserve,Pick_Face,5,0.22,pending,,,2026-06-10 22:47:39.129482
515,PHM-000703,DHL-WH-NJ01,2023-12-31,Reserve,Pick_Face,5,0.22,pending,,,2026-06-10 22:47:39.129482
756,ELC-001585,DHL-WH-TX03,2023-12-31,Dispatch,Pick_Face,5,0.22,pending,,,2026-06-10 22:47:39.129482
85,FMC-000884,DHL-WH-IL02,2023-12-31,Receiving,Pick_Face,5,0.22,pending,,,2026-06-10 22:47:39.129482
760,ELC-000174,DHL-WH-TX03,2023-12-31,Dispatch,Pick_Face,5,0.22,pending,,,2026-06-10 22:47:39.129482
88,FSH-001825,DHL-WH-IL02,2023-12-31,Bulk,Pick_Face,5,0.22,pending,,,2026-06-10 22:47:39.129482
89,FMC-001754,DHL-WH-IL02,2023-12-31,Reserve,Pick_Face,5,0.22,pending,,,2026-06-10 22:47:39.129482
275,FSH-000709,DHL-WH-IL02,2023-12-31,Dispatch,Pick_Face,5,0.22,pending,,,2026-06-10 22:47:39.129482
92,HLT-000306,DHL-WH-IL02,2023-12-31,Reserve,Pick_Face,5,0.22,pending,,,2026-06-10 22:47:39.129482
93,HLT-001287,DHL-WH-IL02,2023-12-31,Bulk,Pick_Face,5,0.22,pending,,,2026-06-10 22:47:39.129482
768,CHM-000723,DHL-WH-TX03,2023-12-31,Reserve,Pick_Face,5,0.22,pending,,,2026-06-10 22:47:39.129482
94,FMC-000333,DHL-WH-IL02,2023-12-31,Reserve,Pick_Face,5,0.22,pending,,,2026-06-10 22:47:39.129482
280,PHM-000864,DHL-WH-NJ01,2023-12-31,Dispatch,Pick_Face,5,0.22,pending,,,2026-06-10 22:47:39.129482
526,HLT-000370,DHL-WH-NJ01,2023-12-31,Bulk,Pick_Face,5,0.22,pending,,,2026-06-10 22:47:39.129482
282,CHM-000490,DHL-WH-NJ01,2023-12-31,Receiving,Pick_Face,5,0.22,pending,,,2026-06-10 22:47:39.129482
771,CHM-001404,DHL-WH-TX03,2023-12-31,Dispatch,Pick_Face,5,0.22,pending,,,2026-06-10 22:47:39.129482
284,FMC-000257,DHL-WH-NJ01,2023-12-31,Bulk,Pick_Face,5,0.22,pending,,,2026-06-10 22:47:39.129482
285,FMC-000683,DHL-WH-NJ01,2023-12-31,Receiving,Pick_Face,5,0.22,pending,,,2026-06-10 22:47:39.129482
286,FMC-000343,DHL-WH-NJ01,2023-12-31,Reserve,Pick_Face,5,0.22,pending,,,2026-06-10 22:47:39.129482
532,CHM-001478,DHL-WH-NJ01,2023-12-31,Dispatch,Pick_Face,5,0.22,pending,,,2026-06-10 22:47:39.129482
288,FMC-000763,DHL-WH-NJ01,2023-12-31,Receiving,Pick_Face,5,0.22,pending,,,2026-06-10 22:47:39.129482
289,PHM-000995,DHL-WH-NJ01,2023-12-31,Bulk,Pick_Face,5,0.22,pending,,,2026-06-10 22:47:39.129482
290,HLT-000590,DHL-WH-NJ01,2023-12-31,Reserve,Pick_Face,5,0.22,pending,,,2026-06-10 22:47:39.129482
32,FMC-001507,DHL-WH-IL02,2023-12-31,Dispatch,Pick_Face,5,0.22,pending,,,2026-06-10 22:47:39.129482
98,ELC-000360,DHL-WH-IL02,2023-12-31,Receiving,Pick_Face,5,0.22,pending,,,2026-06-10 22:47:39.129482
773,CHM-000943,DHL-WH-TX03,2023-12-31,Dispatch,Pick_Face,5,0.22,pending,,,2026-06-10 22:47:39.129482
294,FMC-001212,DHL-WH-NJ01,2023-12-31,Bulk,Pick_Face,5,0.22,pending,,,2026-06-10 22:47:39.129482
295,ELC-000413,DHL-WH-NJ01,2023-12-31,Receiving,Pick_Face,5,0.22,pending,,,2026-06-10 22:47:39.129482
296,PHM-001572,DHL-WH-NJ01,2023-12-31,Receiving,Pick_Face,5,0.22,pending,,,2026-06-10 22:47:39.129482
99,IND-001727,DHL-WH-IL02,2023-12-31,Bulk,Pick_Face,5,0.22,pending,,,2026-06-10 22:47:39.129482
775,PHM-001460,DHL-WH-TX03,2023-12-31,Reserve,Pick_Face,5,0.22,pending,,,2026-06-10 22:47:39.129482
776,FMC-001538,DHL-WH-TX03,2023-12-31,Bulk,Pick_Face,5,0.22,pending,,,2026-06-10 22:47:39.129482
543,FSH-001939,DHL-WH-NJ01,2023-12-31,Receiving,Pick_Face,5,0.22,pending,,,2026-06-10 22:47:39.129482
301,FMC-000952,DHL-WH-NJ01,2023-12-31,Bulk,Pick_Face,5,0.22,pending,,,2026-06-10 22:47:39.129482
302,FSH-000371,DHL-WH-NJ01,2023-12-31,Reserve,Pick_Face,5,0.22,pending,,,2026-06-10 22:47:39.129482
544,IND-001283,DHL-WH-NJ01,2023-12-31,Dispatch,Pick_Face,5,0.22,pending,,,2026-06-10 22:47:39.129482
546,HLT-000415,DHL-WH-NJ01,2023-12-31,Bulk,Pick_Face,5,0.22,pending,,,2026-06-10 22:47:39.129482
305,FSH-000555,DHL-WH-NJ01,2023-12-31,Reserve,Pick_Face,5,0.22,pending,,,2026-06-10 22:47:39.129482
306,CHM-000943,DHL-WH-NJ01,2023-12-31,Reserve,Pick_Face,5,0.22,pending,,,2026-06-10 22:47:39.129482
307,FMC-001983,DHL-WH-NJ01,2023-12-31,Reserve,Pick_Face,5,0.22,pending,,,2026-06-10 22:47:39.129482
548,ELC-001940,DHL-WH-NJ01,2023-12-31,Reserve,Pick_Face,5,0.22,pending,,,2026-06-10 22:47:39.129482
556,FMC-001231,DHL-WH-NJ01,2023-12-31,Reserve,Pick_Face,5,0.22,pending,,,2026-06-10 22:47:39.129482
789,HLT-001957,DHL-WH-TX03,2023-12-31,Dispatch,Pick_Face,5,0.22,pending,,,2026-06-10 22:47:39.129482
311,FMC-000319,DHL-WH-NJ01,2023-12-31,Reserve,Pick_Face,5,0.22,pending,,,2026-06-10 22:47:39.129482
312,CHM-001797,DHL-WH-NJ01,2023-12-31,Reserve,Pick_Face,5,0.22,pending,,,2026-06-10 22:47:39.129482
313,IND-000668,DHL-WH-NJ01,2023-12-31,Reserve,Pick_Face,5,0.22,pending,,,2026-06-10 22:47:39.129482
314,FMC-001581,DHL-WH-NJ01,2023-12-31,Dispatch,Pick_Face,5,0.22,pending,,,2026-06-10 22:47:39.129482
103,FSH-000433,DHL-WH-IL02,2023-12-31,Bulk,Pick_Face,5,0.22,pending,,,2026-06-10 22:47:39.129482
569,IND-001303,DHL-WH-TX03,2023-12-31,Receiving,Pick_Face,5,0.22,pending,,,2026-06-10 22:47:39.129482
570,IND-001419,DHL-WH-TX03,2023-12-31,Bulk,Pick_Face,5,0.22,pending,,,2026-06-10 22:47:39.129482
318,PHM-000564,DHL-WH-NJ01,2023-12-31,Receiving,Pick_Face,5,0.22,pending,,,2026-06-10 22:47:39.129482
793,ELC-000324,DHL-WH-TX03,2023-12-31,Bulk,Pick_Face,5,0.22,pending,,,2026-06-10 22:47:39.129482
572,FMC-001628,DHL-WH-TX03,2023-12-31,Receiving,Pick_Face,5,0.22,pending,,,2026-06-10 22:47:39.129482
106,FSH-000633,DHL-WH-IL02,2023-12-31,Reserve,Pick_Face,5,0.22,pending,,,2026-06-10 22:47:39.129482
578,ELC-001477,DHL-WH-TX03,2023-12-31,Dispatch,Pick_Face,5,0.22,pending,,,2026-06-10 22:47:39.129482
579,FMC-001743,DHL-WH-TX03,2023-12-31,Dispatch,Pick_Face,5,0.22,pending,,,2026-06-10 22:47:39.129482
324,FSH-001099,DHL-WH-NJ01,2023-12-31,Bulk,Pick_Face,5,0.22,pending,,,2026-06-10 22:47:39.129482
580,ELC-000475,DHL-WH-TX03,2023-12-31,Dispatch,Pick_Face,5,0.22,pending,,,2026-06-10 22:47:39.129482
585,CHM-001973,DHL-WH-TX03,2023-12-31,Receiving,Pick_Face,5,0.22,pending,,,2026-06-10 22:47:39.129482
327,HLT-001520,DHL-WH-NJ01,2023-12-31,Bulk,Pick_Face,5,0.22,pending,,,2026-06-10 22:47:39.129482
586,FMC-000272,DHL-WH-TX03,2023-12-31,Bulk,Pick_Face,5,0.22,pending,,,2026-06-10 22:47:39.129482
35,CHM-000617,DHL-WH-IL02,2023-12-31,Dispatch,Pick_Face,5,0.22,pending,,,2026-06-10 22:47:39.129482
810,AUT-001719,DHL-WH-TX03,2023-12-31,Receiving,Pick_Face,5,0.22,pending,,,2026-06-10 22:47:39.129482
112,FMC-001617,DHL-WH-IL02,2023-12-31,Dispatch,Pick_Face,5,0.22,pending,,,2026-06-10 22:47:39.129482
591,ELC-000903,DHL-WH-TX03,2023-12-31,Dispatch,Pick_Face,5,0.22,pending,,,2026-06-10 22:47:39.129482
811,CHM-000601,DHL-WH-TX03,2023-12-31,Dispatch,Pick_Face,5,0.22,pending,,,2026-06-10 22:47:39.129482
812,CHM-000260,DHL-WH-TX03,2023-12-31,Receiving,Pick_Face,5,0.22,pending,,,2026-06-10 22:47:39.129482
335,FMC-000522,DHL-WH-NJ01,2023-12-31,Dispatch,Pick_Face,5,0.22,pending,,,2026-06-10 22:47:39.129482
814,ELC-001975,DHL-WH-TX03,2023-12-31,Receiving,Pick_Face,5,0.22,pending,,,2026-06-10 22:47:39.129482
337,ELC-001337,DHL-WH-NJ01,2023-12-31,Bulk,Pick_Face,5,0.22,pending,,,2026-06-10 22:47:39.129482
817,FMC-001753,DHL-WH-TX03,2023-12-31,Dispatch,Pick_Face,5,0.22,pending,,,2026-06-10 22:47:39.129482
38,FMC-000334,DHL-WH-IL02,2023-12-31,Receiving,Pick_Face,5,0.22,pending,,,2026-06-10 22:47:39.129482
340,HLT-001411,DHL-WH-NJ01,2023-12-31,Reserve,Pick_Face,5,0.22,pending,,,2026-06-10 22:47:39.129482
10,FSH-000181,DHL-WH-IL02,2023-12-31,Bulk,Pick_Face,5,0.22,pending,,,2026-06-10 22:47:39.129482
39,HLT-001126,DHL-WH-IL02,2023-12-31,Receiving,Pick_Face,5,0.22,pending,,,2026-06-10 22:47:39.129482
606,HLT-001055,DHL-WH-TX03,2023-12-31,Receiving,Pick_Face,5,0.22,pending,,,2026-06-10 22:47:39.129482
821,AUT-001006,DHL-WH-TX03,2023-12-31,Reserve,Pick_Face,5,0.22,pending,,,2026-06-10 22:47:39.129482
345,FMC-000870,DHL-WH-NJ01,2023-12-31,Dispatch,Pick_Face,5,0.22,pending,,,2026-06-10 22:47:39.129482
40,HLT-001409,DHL-WH-IL02,2023-12-31,Receiving,Pick_Face,5,0.22,pending,,,2026-06-10 22:47:39.129482
610,FSH-000345,DHL-WH-TX03,2023-12-31,Receiving,Pick_Face,5,0.22,pending,,,2026-06-10 22:47:39.129482
827,FMC-001588,DHL-WH-TX03,2023-12-31,Dispatch,Pick_Face,5,0.22,pending,,,2026-06-10 22:47:39.129482
830,FMC-000290,DHL-WH-TX03,2023-12-31,Receiving,Pick_Face,5,0.22,pending,,,2026-06-10 22:47:39.129482
613,AUT-001789,DHL-WH-TX03,2023-12-31,Dispatch,Pick_Face,5,0.22,pending,,,2026-06-10 22:47:39.129482
615,HLT-000036,DHL-WH-TX03,2023-12-31,Dispatch,Pick_Face,5,0.22,pending,,,2026-06-10 22:47:39.129482
832,FMC-001039,DHL-WH-TX03,2023-12-31,Bulk,Pick_Face,5,0.22,pending,,,2026-06-10 22:47:39.129482
833,FSH-001182,DHL-WH-TX03,2023-12-31,Receiving,Pick_Face,5,0.22,pending,,,2026-06-10 22:47:39.129482
834,ELC-001493,DHL-WH-TX03,2023-12-31,Dispatch,Pick_Face,5,0.22,pending,,,2026-06-10 22:47:39.129482
12,FMC-001458,DHL-WH-IL02,2023-12-31,Bulk,Pick_Face,5,0.22,pending,,,2026-06-10 22:47:39.129482
620,PHM-001995,DHL-WH-TX03,2023-12-31,Bulk,Pick_Face,5,0.22,pending,,,2026-06-10 22:47:39.129482
835,HLT-000916,DHL-WH-TX03,2023-12-31,Reserve,Pick_Face,5,0.22,pending,,,2026-06-10 22:47:39.129482
836,PHM-001996,DHL-WH-TX03,2023-12-31,Dispatch,Pick_Face,5,0.22,pending,,,2026-06-10 22:47:39.129482
621,CHM-001040,DHL-WH-TX03,2023-12-31,Dispatch,Pick_Face,5,0.22,pending,,,2026-06-10 22:47:39.129482
838,IND-001795,DHL-WH-TX03,2023-12-31,Bulk,Pick_Face,5,0.22,pending,,,2026-06-10 22:47:39.129482
361,HLT-001205,DHL-WH-NJ01,2023-12-31,Bulk,Pick_Face,5,0.22,pending,,,2026-06-10 22:47:39.129482
622,FMC-001447,DHL-WH-TX03,2023-12-31,Receiving,Pick_Face,5,0.22,pending,,,2026-06-10 22:47:39.129482
363,CHM-001376,DHL-WH-NJ01,2023-12-31,Reserve,Pick_Face,5,0.22,pending,,,2026-06-10 22:47:39.129482
626,HLT-000857,DHL-WH-TX03,2023-12-31,Dispatch,Pick_Face,5,0.22,pending,,,2026-06-10 22:47:39.129482
43,AUT-000239,DHL-WH-IL02,2023-12-31,Reserve,Pick_Face,5,0.22,pending,,,2026-06-10 22:47:39.129482
840,HLT-000151,DHL-WH-TX03,2023-12-31,Reserve,Pick_Face,5,0.22,pending,,,2026-06-10 22:47:39.129482
367,IND-001856,DHL-WH-NJ01,2023-12-31,Bulk,Pick_Face,5,0.22,pending,,,2026-06-10 22:47:39.129482
368,PHM-000909,DHL-WH-NJ01,2023-12-31,Dispatch,Pick_Face,5,0.22,pending,,,2026-06-10 22:47:39.129482
629,ELC-001740,DHL-WH-TX03,2023-12-31,Reserve,Pick_Face,5,0.22,pending,,,2026-06-10 22:47:39.129482
370,PHM-000027,DHL-WH-NJ01,2023-12-31,Receiving,Pick_Face,5,0.22,pending,,,2026-06-10 22:47:39.129482
841,HLT-001294,DHL-WH-TX03,2023-12-31,Dispatch,Pick_Face,5,0.22,pending,,,2026-06-10 22:47:39.129482
842,HLT-000748,DHL-WH-TX03,2023-12-31,Dispatch,Pick_Face,5,0.22,pending,,,2026-06-10 22:47:39.129482
846,CHM-000737,DHL-WH-TX03,2023-12-31,Receiving,Pick_Face,5,0.22,pending,,,2026-06-10 22:47:39.129482
848,ELC-000042,DHL-WH-TX03,2023-12-31,Receiving,Pick_Face,5,0.22,pending,,,2026-06-10 22:47:39.129482
375,CHM-001880,DHL-WH-NJ01,2023-12-31,Receiving,Pick_Face,5,0.22,pending,,,2026-06-10 22:47:39.129482
645,FMC-000884,DHL-WH-TX03,2023-12-31,Dispatch,Pick_Face,5,0.22,pending,,,2026-06-10 22:47:39.129482
377,HLT-001664,DHL-WH-NJ01,2023-12-31,Reserve,Pick_Face,5,0.22,pending,,,2026-06-10 22:47:39.129482
378,AUT-000796,DHL-WH-NJ01,2023-12-31,Dispatch,Pick_Face,5,0.22,pending,,,2026-06-10 22:47:39.129482
379,CHM-001999,DHL-WH-NJ01,2023-12-31,Receiving,Pick_Face,5,0.22,pending,,,2026-06-10 22:47:39.129482
647,FSH-000633,DHL-WH-TX03,2023-12-31,Receiving,Pick_Face,5,0.22,pending,,,2026-06-10 22:47:39.129482
381,HLT-001239,DHL-WH-NJ01,2023-12-31,Receiving,Pick_Face,5,0.22,pending,,,2026-06-10 22:47:39.129482
850,CHM-000385,DHL-WH-TX03,2023-12-31,Bulk,Pick_Face,5,0.22,pending,,,2026-06-10 22:47:39.129482
654,ELC-001578,DHL-WH-TX03,2023-12-31,Bulk,Pick_Face,5,0.22,pending,,,2026-06-10 22:47:39.129482
852,AUT-001257,DHL-WH-TX03,2023-12-31,Receiving,Pick_Face,5,0.22,pending,,,2026-06-10 22:47:39.129482
655,ELC-000528,DHL-WH-TX03,2023-12-31,Dispatch,Pick_Face,5,0.22,pending,,,2026-06-10 22:47:39.129482
386,HLT-000748,DHL-WH-NJ01,2023-12-31,Receiving,Pick_Face,5,0.22,pending,,,2026-06-10 22:47:39.129482
660,FMC-001410,DHL-WH-TX03,2023-12-31,Dispatch,Pick_Face,5,0.22,pending,,,2026-06-10 22:47:39.129482
388,FMC-000194,DHL-WH-NJ01,2023-12-31,Dispatch,Pick_Face,5,0.22,pending,,,2026-06-10 22:47:39.129482
389,AUT-001070,DHL-WH-NJ01,2023-12-31,Reserve,Pick_Face,5,0.22,pending,,,2026-06-10 22:47:39.129482
661,HLT-000037,DHL-WH-TX03,2023-12-31,Receiving,Pick_Face,5,0.22,pending,,,2026-06-10 22:47:39.129482
856,IND-001501,DHL-WH-TX03,2023-12-31,Receiving,Pick_Face,5,0.22,pending,,,2026-06-10 22:47:39.129482
662,FSH-000016,DHL-WH-TX03,2023-12-31,Reserve,Pick_Face,5,0.22,pending,,,2026-06-10 22:47:39.129482
864,ELC-000302,DHL-WH-TX03,2023-12-31,Dispatch,Pick_Face,5,0.22,pending,,,2026-06-10 22:47:39.129482
865,PHM-000328,DHL-WH-TX03,2023-12-31,Dispatch,Pick_Face,5,0.22,pending,,,2026-06-10 22:47:39.129482
669,CHM-000296,DHL-WH-TX03,2023-12-31,Bulk,Pick_Face,5,0.22,pending,,,2026-06-10 22:47:39.129482
396,HLT-001294,DHL-WH-NJ01,2023-12-31,Bulk,Pick_Face,5,0.22,pending,,,2026-06-10 22:47:39.129482
670,ELC-000786,DHL-WH-TX03,2023-12-31,Reserve,Pick_Face,5,0.22,pending,,,2026-06-10 22:47:39.129482
672,FSH-000614,DHL-WH-TX03,2023-12-31,Bulk,Pick_Face,5,0.22,pending,,,2026-06-10 22:47:39.129482
399,HLT-000511,DHL-WH-NJ01,2023-12-31,Receiving,Pick_Face,5,0.22,pending,,,2026-06-10 22:47:39.129482
869,ELC-000629,DHL-WH-TX03,2023-12-31,Dispatch,Pick_Face,5,0.22,pending,,,2026-06-10 22:47:39.129482
872,AUT-001788,DHL-WH-TX03,2023-12-31,Reserve,Pick_Face,5,0.22,pending,,,2026-06-10 22:47:39.129482
144,FSH-000905,DHL-WH-IL02,2023-12-31,Reserve,Pick_Face,5,0.22,pending,,,2026-06-10 22:47:39.129482
147,FMC-000441,DHL-WH-IL02,2023-12-31,Dispatch,Pick_Face,5,0.22,pending,,,2026-06-10 22:47:39.129482
46,ELC-000616,DHL-WH-IL02,2023-12-31,Pick_Face,Reserve,2,0.09,pending,,,2026-06-10 22:47:39.129482
405,FSH-000159,DHL-WH-NJ01,2023-12-31,Pick_Face,Reserve,2,0.09,pending,,,2026-06-10 22:47:39.129482
406,HLT-001497,DHL-WH-NJ01,2023-12-31,Pick_Face,Reserve,2,0.09,pending,,,2026-06-10 22:47:39.129482
407,PHM-000328,DHL-WH-NJ01,2023-12-31,Pick_Face,Reserve,2,0.09,pending,,,2026-06-10 22:47:39.129482
408,FSH-001916,DHL-WH-NJ01,2023-12-31,Pick_Face,Reserve,2,0.09,pending,,,2026-06-10 22:47:39.129482
409,FMC-000661,DHL-WH-NJ01,2023-12-31,Pick_Face,Reserve,2,0.09,pending,,,2026-06-10 22:47:39.129482
679,FMC-001627,DHL-WH-TX03,2023-12-31,Pick_Face,Reserve,2,0.09,pending,,,2026-06-10 22:47:39.129482
681,ELC-001752,DHL-WH-TX03,2023-12-31,Pick_Face,Reserve,2,0.09,pending,,,2026-06-10 22:47:39.129482
154,IND-001650,DHL-WH-IL02,2023-12-31,Pick_Face,Reserve,2,0.09,pending,,,2026-06-10 22:47:39.129482
156,CHM-001667,DHL-WH-IL02,2023-12-31,Pick_Face,Reserve,2,0.09,pending,,,2026-06-10 22:47:39.129482
47,FMC-000294,DHL-WH-IL02,2023-12-31,Pick_Face,Reserve,2,0.09,pending,,,2026-06-10 22:47:39.129482
48,IND-000317,DHL-WH-IL02,2023-12-31,Pick_Face,Reserve,2,0.09,pending,,,2026-06-10 22:47:39.129482
14,PHM-000428,DHL-WH-IL02,2023-12-31,Pick_Face,Reserve,2,0.09,pending,,,2026-06-10 22:47:39.129482
689,AUT-001736,DHL-WH-TX03,2023-12-31,Pick_Face,Reserve,2,0.09,pending,,,2026-06-10 22:47:39.129482
418,IND-001449,DHL-WH-NJ01,2023-12-31,Pick_Face,Reserve,2,0.09,pending,,,2026-06-10 22:47:39.129482
690,AUT-000918,DHL-WH-TX03,2023-12-31,Pick_Face,Reserve,2,0.09,pending,,,2026-06-10 22:47:39.129482
420,FSH-000192,DHL-WH-NJ01,2023-12-31,Pick_Face,Reserve,2,0.09,pending,,,2026-06-10 22:47:39.129482
160,IND-000679,DHL-WH-IL02,2023-12-31,Pick_Face,Reserve,2,0.09,pending,,,2026-06-10 22:47:39.129482
161,HLT-000669,DHL-WH-IL02,2023-12-31,Pick_Face,Reserve,2,0.09,pending,,,2026-06-10 22:47:39.129482
694,ELC-001238,DHL-WH-TX03,2023-12-31,Pick_Face,Reserve,2,0.09,pending,,,2026-06-10 22:47:39.129482
695,FMC-001892,DHL-WH-TX03,2023-12-31,Pick_Face,Reserve,2,0.09,pending,,,2026-06-10 22:47:39.129482
699,FMC-001183,DHL-WH-TX03,2023-12-31,Pick_Face,Reserve,2,0.09,pending,,,2026-06-10 22:47:39.129482
173,ELC-000631,DHL-WH-IL02,2023-12-31,Pick_Face,Reserve,2,0.09,pending,,,2026-06-10 22:47:39.129482
427,AUT-000457,DHL-WH-NJ01,2023-12-31,Pick_Face,Reserve,2,0.09,pending,,,2026-06-10 22:47:39.129482
175,ELC-000965,DHL-WH-IL02,2023-12-31,Pick_Face,Reserve,2,0.09,pending,,,2026-06-10 22:47:39.129482
177,CHM-001386,DHL-WH-IL02,2023-12-31,Pick_Face,Reserve,2,0.09,pending,,,2026-06-10 22:47:39.129482
430,CHM-001973,DHL-WH-NJ01,2023-12-31,Pick_Face,Reserve,2,0.09,pending,,,2026-06-10 22:47:39.129482
54,HLT-000354,DHL-WH-IL02,2023-12-31,Pick_Face,Reserve,2,0.09,pending,,,2026-06-10 22:47:39.129482
180,CHM-001632,DHL-WH-IL02,2023-12-31,Pick_Face,Reserve,2,0.09,pending,,,2026-06-10 22:47:39.129482
182,FSH-000901,DHL-WH-IL02,2023-12-31,Pick_Face,Reserve,2,0.09,pending,,,2026-06-10 22:47:39.129482
55,ELC-000838,DHL-WH-IL02,2023-12-31,Pick_Face,Reserve,2,0.09,pending,,,2026-06-10 22:47:39.129482
189,ELC-000222,DHL-WH-IL02,2023-12-31,Pick_Face,Reserve,2,0.09,pending,,,2026-06-10 22:47:39.129482
190,FSH-000555,DHL-WH-IL02,2023-12-31,Pick_Face,Reserve,2,0.09,pending,,,2026-06-10 22:47:39.129482
57,AUT-001031,DHL-WH-IL02,2023-12-31,Pick_Face,Reserve,2,0.09,pending,,,2026-06-10 22:47:39.129482
438,FSH-000145,DHL-WH-NJ01,2023-12-31,Pick_Face,Reserve,2,0.09,pending,,,2026-06-10 22:47:39.129482
193,PHM-001156,DHL-WH-IL02,2023-12-31,Pick_Face,Reserve,2,0.09,pending,,,2026-06-10 22:47:39.129482
705,FMC-001690,DHL-WH-TX03,2023-12-31,Pick_Face,Reserve,2,0.09,pending,,,2026-06-10 22:47:39.129482
58,HLT-000050,DHL-WH-IL02,2023-12-31,Pick_Face,Reserve,2,0.09,pending,,,2026-06-10 22:47:39.129482
442,ELC-001778,DHL-WH-NJ01,2023-12-31,Pick_Face,Reserve,2,0.09,pending,,,2026-06-10 22:47:39.129482
197,CHM-001545,DHL-WH-IL02,2023-12-31,Pick_Face,Reserve,2,0.09,pending,,,2026-06-10 22:47:39.129482
59,ELC-001418,DHL-WH-IL02,2023-12-31,Pick_Face,Reserve,2,0.09,pending,,,2026-06-10 22:47:39.129482
198,AUT-001757,DHL-WH-IL02,2023-12-31,Pick_Face,Reserve,2,0.09,pending,,,2026-06-10 22:47:39.129482
200,FMC-001407,DHL-WH-IL02,2023-12-31,Pick_Face,Reserve,2,0.09,pending,,,2026-06-10 22:47:39.129482
707,ELC-001864,DHL-WH-TX03,2023-12-31,Pick_Face,Reserve,2,0.09,pending,,,2026-06-10 22:47:39.129482
201,FMC-001581,DHL-WH-IL02,2023-12-31,Pick_Face,Reserve,2,0.09,pending,,,2026-06-10 22:47:39.129482
202,HLT-001661,DHL-WH-IL02,2023-12-31,Pick_Face,Reserve,2,0.09,pending,,,2026-06-10 22:47:39.129482
450,HLT-001217,DHL-WH-NJ01,2023-12-31,Pick_Face,Reserve,2,0.09,pending,,,2026-06-10 22:47:39.129482
708,FMC-001782,DHL-WH-TX03,2023-12-31,Pick_Face,Reserve,2,0.09,pending,,,2026-06-10 22:47:39.129482
452,HLT-000559,DHL-WH-NJ01,2023-12-31,Pick_Face,Reserve,2,0.09,pending,,,2026-06-10 22:47:39.129482
453,CHM-001014,DHL-WH-NJ01,2023-12-31,Pick_Face,Reserve,2,0.09,pending,,,2026-06-10 22:47:39.129482
454,FMC-000405,DHL-WH-NJ01,2023-12-31,Pick_Face,Reserve,2,0.09,pending,,,2026-06-10 22:47:39.129482
204,IND-000218,DHL-WH-IL02,2023-12-31,Pick_Face,Reserve,2,0.09,pending,,,2026-06-10 22:47:39.129482
206,IND-001844,DHL-WH-IL02,2023-12-31,Pick_Face,Reserve,2,0.09,pending,,,2026-06-10 22:47:39.129482
711,FMC-000626,DHL-WH-TX03,2023-12-31,Pick_Face,Reserve,2,0.09,pending,,,2026-06-10 22:47:39.129482
715,FSH-001020,DHL-WH-TX03,2023-12-31,Pick_Face,Reserve,2,0.09,pending,,,2026-06-10 22:47:39.129482
716,HLT-001051,DHL-WH-TX03,2023-12-31,Pick_Face,Reserve,2,0.09,pending,,,2026-06-10 22:47:39.129482
210,HLT-001411,DHL-WH-IL02,2023-12-31,Pick_Face,Reserve,2,0.09,pending,,,2026-06-10 22:47:39.129482
717,CHM-001761,DHL-WH-TX03,2023-12-31,Pick_Face,Reserve,2,0.09,pending,,,2026-06-10 22:47:39.129482
462,ELC-001488,DHL-WH-NJ01,2023-12-31,Pick_Face,Reserve,2,0.09,pending,,,2026-06-10 22:47:39.129482
718,HLT-001216,DHL-WH-TX03,2023-12-31,Pick_Face,Reserve,2,0.09,pending,,,2026-06-10 22:47:39.129482
722,FSH-000112,DHL-WH-TX03,2023-12-31,Pick_Face,Reserve,2,0.09,pending,,,2026-06-10 22:47:39.129482
723,AUT-000086,DHL-WH-TX03,2023-12-31,Pick_Face,Reserve,2,0.09,pending,,,2026-06-10 22:47:39.129482
466,FSH-001732,DHL-WH-NJ01,2023-12-31,Pick_Face,Reserve,2,0.09,pending,,,2026-06-10 22:47:39.129482
467,AUT-000303,DHL-WH-NJ01,2023-12-31,Pick_Face,Reserve,2,0.09,pending,,,2026-06-10 22:47:39.129482
725,FMC-000782,DHL-WH-TX03,2023-12-31,Pick_Face,Reserve,2,0.09,pending,,,2026-06-10 22:47:39.129482
62,ELC-000873,DHL-WH-IL02,2023-12-31,Pick_Face,Reserve,2,0.09,pending,,,2026-06-10 22:47:39.129482
470,CHM-000936,DHL-WH-NJ01,2023-12-31,Pick_Face,Reserve,2,0.09,pending,,,2026-06-10 22:47:39.129482
726,IND-001393,DHL-WH-TX03,2023-12-31,Pick_Face,Reserve,2,0.09,pending,,,2026-06-10 22:47:39.129482
472,ELC-000350,DHL-WH-NJ01,2023-12-31,Pick_Face,Reserve,2,0.09,pending,,,2026-06-10 22:47:39.129482
214,FMC-001297,DHL-WH-IL02,2023-12-31,Pick_Face,Reserve,2,0.09,pending,,,2026-06-10 22:47:39.129482
474,PHM-000446,DHL-WH-NJ01,2023-12-31,Pick_Face,Reserve,2,0.09,pending,,,2026-06-10 22:47:39.129482
475,PHM-001868,DHL-WH-NJ01,2023-12-31,Pick_Face,Reserve,2,0.09,pending,,,2026-06-10 22:47:39.129482
728,FMC-001815,DHL-WH-TX03,2023-12-31,Pick_Face,Reserve,2,0.09,pending,,,2026-06-10 22:47:39.129482
217,HLT-001057,DHL-WH-IL02,2023-12-31,Pick_Face,Reserve,2,0.09,pending,,,2026-06-10 22:47:39.129482
729,CHM-001406,DHL-WH-TX03,2023-12-31,Pick_Face,Reserve,2,0.09,pending,,,2026-06-10 22:47:39.129482
731,PHM-000564,DHL-WH-TX03,2023-12-31,Pick_Face,Reserve,2,0.09,pending,,,2026-06-10 22:47:39.129482
222,FMC-001885,DHL-WH-IL02,2023-12-31,Pick_Face,Reserve,2,0.09,pending,,,2026-06-10 22:47:39.129482
481,CHM-000462,DHL-WH-NJ01,2023-12-31,Pick_Face,Reserve,2,0.09,pending,,,2026-06-10 22:47:39.129482
732,ELC-001854,DHL-WH-TX03,2023-12-31,Pick_Face,Reserve,2,0.09,pending,,,2026-06-10 22:47:39.129482
483,ELC-001477,DHL-WH-NJ01,2023-12-31,Pick_Face,Reserve,2,0.09,pending,,,2026-06-10 22:47:39.129482
223,FMC-000549,DHL-WH-IL02,2023-12-31,Pick_Face,Reserve,2,0.09,pending,,,2026-06-10 22:47:39.129482
485,AUT-000426,DHL-WH-NJ01,2023-12-31,Pick_Face,Reserve,2,0.09,pending,,,2026-06-10 22:47:39.129482
734,ELC-001776,DHL-WH-TX03,2023-12-31,Pick_Face,Reserve,2,0.09,pending,,,2026-06-10 22:47:39.129482
225,FSH-000060,DHL-WH-IL02,2023-12-31,Pick_Face,Reserve,2,0.09,pending,,,2026-06-10 22:47:39.129482
736,PHM-000111,DHL-WH-TX03,2023-12-31,Pick_Face,Reserve,2,0.09,pending,,,2026-06-10 22:47:39.129482
228,FMC-001937,DHL-WH-IL02,2023-12-31,Pick_Face,Reserve,2,0.09,pending,,,2026-06-10 22:47:39.129482
231,ELC-000249,DHL-WH-IL02,2023-12-31,Pick_Face,Reserve,2,0.09,pending,,,2026-06-10 22:47:39.129482
26,AUT-001599,DHL-WH-IL02,2023-12-31,Pick_Face,Reserve,2,0.09,pending,,,2026-06-10 22:47:39.129482
249,FMC-000939,DHL-WH-IL02,2023-12-31,Pick_Face,Reserve,2,0.09,pending,,,2026-06-10 22:47:39.129482
74,PHM-001682,DHL-WH-IL02,2023-12-31,Pick_Face,Reserve,2,0.09,pending,,,2026-06-10 22:47:39.129482
75,AUT-000372,DHL-WH-IL02,2023-12-31,Pick_Face,Reserve,2,0.09,pending,,,2026-06-10 22:47:39.129482
250,ELC-001819,DHL-WH-IL02,2023-12-31,Pick_Face,Reserve,2,0.09,pending,,,2026-06-10 22:47:39.129482
496,FMC-001305,DHL-WH-NJ01,2023-12-31,Pick_Face,Reserve,2,0.09,pending,,,2026-06-10 22:47:39.129482
252,CHM-000141,DHL-WH-IL02,2023-12-31,Pick_Face,Reserve,2,0.09,pending,,,2026-06-10 22:47:39.129482
253,FMC-001119,DHL-WH-IL02,2023-12-31,Pick_Face,Reserve,2,0.09,pending,,,2026-06-10 22:47:39.129482
254,HLT-000057,DHL-WH-IL02,2023-12-31,Pick_Face,Reserve,2,0.09,pending,,,2026-06-10 22:47:39.129482
255,ELC-001080,DHL-WH-IL02,2023-12-31,Pick_Face,Reserve,2,0.09,pending,,,2026-06-10 22:47:39.129482
746,HLT-000906,DHL-WH-TX03,2023-12-31,Pick_Face,Reserve,2,0.09,pending,,,2026-06-10 22:47:39.129482
79,PHM-001914,DHL-WH-IL02,2023-12-31,Pick_Face,Reserve,2,0.09,pending,,,2026-06-10 22:47:39.129482
260,FMC-001886,DHL-WH-IL02,2023-12-31,Pick_Face,Reserve,2,0.09,pending,,,2026-06-10 22:47:39.129482
263,ELC-000106,DHL-WH-IL02,2023-12-31,Pick_Face,Reserve,2,0.09,pending,,,2026-06-10 22:47:39.129482
264,FMC-001810,DHL-WH-IL02,2023-12-31,Pick_Face,Reserve,2,0.09,pending,,,2026-06-10 22:47:39.129482
265,IND-000924,DHL-WH-IL02,2023-12-31,Pick_Face,Reserve,2,0.09,pending,,,2026-06-10 22:47:39.129482
507,HLT-000207,DHL-WH-NJ01,2023-12-31,Pick_Face,Reserve,2,0.09,pending,,,2026-06-10 22:47:39.129482
266,HLT-000708,DHL-WH-IL02,2023-12-31,Pick_Face,Reserve,2,0.09,pending,,,2026-06-10 22:47:39.129482
509,IND-001893,DHL-WH-NJ01,2023-12-31,Pick_Face,Reserve,2,0.09,pending,,,2026-06-10 22:47:39.129482
510,AUT-001034,DHL-WH-NJ01,2023-12-31,Pick_Face,Reserve,2,0.09,pending,,,2026-06-10 22:47:39.129482
82,CHM-001761,DHL-WH-IL02,2023-12-31,Pick_Face,Reserve,2,0.09,pending,,,2026-06-10 22:47:39.129482
8,PHM-001474,DHL-WH-IL02,2023-12-31,Pick_Face,Reserve,2,0.09,pending,,,2026-06-10 22:47:39.129482
754,PHM-001071,DHL-WH-TX03,2023-12-31,Pick_Face,Reserve,2,0.09,pending,,,2026-06-10 22:47:39.129482
755,ELC-001300,DHL-WH-TX03,2023-12-31,Pick_Face,Reserve,2,0.09,pending,,,2026-06-10 22:47:39.129482
758,CHM-001852,DHL-WH-TX03,2023-12-31,Pick_Face,Reserve,2,0.09,pending,,,2026-06-10 22:47:39.129482
84,FSH-000774,DHL-WH-IL02,2023-12-31,Pick_Face,Reserve,2,0.09,pending,,,2026-06-10 22:47:39.129482
86,ELC-000287,DHL-WH-IL02,2023-12-31,Pick_Face,Reserve,2,0.09,pending,,,2026-06-10 22:47:39.129482
273,PHM-000704,DHL-WH-IL02,2023-12-31,Pick_Face,Reserve,2,0.09,pending,,,2026-06-10 22:47:39.129482
274,PHM-001996,DHL-WH-IL02,2023-12-31,Pick_Face,Reserve,2,0.09,pending,,,2026-06-10 22:47:39.129482
762,AUT-000681,DHL-WH-TX03,2023-12-31,Pick_Face,Reserve,2,0.09,pending,,,2026-06-10 22:47:39.129482
91,FMC-000602,DHL-WH-IL02,2023-12-31,Pick_Face,Reserve,2,0.09,pending,,,2026-06-10 22:47:39.129482
765,IND-001319,DHL-WH-TX03,2023-12-31,Pick_Face,Reserve,2,0.09,pending,,,2026-06-10 22:47:39.129482
767,IND-001193,DHL-WH-TX03,2023-12-31,Pick_Face,Reserve,2,0.09,pending,,,2026-06-10 22:47:39.129482
770,ELC-000368,DHL-WH-TX03,2023-12-31,Pick_Face,Reserve,2,0.09,pending,,,2026-06-10 22:47:39.129482
525,CHM-000401,DHL-WH-NJ01,2023-12-31,Pick_Face,Reserve,2,0.09,pending,,,2026-06-10 22:47:39.129482
95,ELC-000004,DHL-WH-IL02,2023-12-31,Pick_Face,Reserve,2,0.09,pending,,,2026-06-10 22:47:39.129482
96,ELC-001238,DHL-WH-IL02,2023-12-31,Pick_Face,Reserve,2,0.09,pending,,,2026-06-10 22:47:39.129482
528,FSH-000058,DHL-WH-NJ01,2023-12-31,Pick_Face,Reserve,2,0.09,pending,,,2026-06-10 22:47:39.129482
529,AUT-001423,DHL-WH-NJ01,2023-12-31,Pick_Face,Reserve,2,0.09,pending,,,2026-06-10 22:47:39.129482
530,AUT-000664,DHL-WH-NJ01,2023-12-31,Pick_Face,Reserve,2,0.09,pending,,,2026-06-10 22:47:39.129482
97,AUT-001148,DHL-WH-IL02,2023-12-31,Pick_Face,Reserve,2,0.09,pending,,,2026-06-10 22:47:39.129482
293,FMC-000487,DHL-WH-NJ01,2023-12-31,Pick_Face,Reserve,2,0.09,pending,,,2026-06-10 22:47:39.129482
772,FMC-000623,DHL-WH-TX03,2023-12-31,Pick_Face,Reserve,2,0.09,pending,,,2026-06-10 22:47:39.129482
298,ELC-001121,DHL-WH-NJ01,2023-12-31,Pick_Face,Reserve,2,0.09,pending,,,2026-06-10 22:47:39.129482
535,CHM-000611,DHL-WH-NJ01,2023-12-31,Pick_Face,Reserve,2,0.09,pending,,,2026-06-10 22:47:39.129482
536,FSH-000758,DHL-WH-NJ01,2023-12-31,Pick_Face,Reserve,2,0.09,pending,,,2026-06-10 22:47:39.129482
537,FMC-001122,DHL-WH-NJ01,2023-12-31,Pick_Face,Reserve,2,0.09,pending,,,2026-06-10 22:47:39.129482
538,PHM-000466,DHL-WH-NJ01,2023-12-31,Pick_Face,Reserve,2,0.09,pending,,,2026-06-10 22:47:39.129482
539,ELC-000538,DHL-WH-NJ01,2023-12-31,Pick_Face,Reserve,2,0.09,pending,,,2026-06-10 22:47:39.129482
540,CHM-000932,DHL-WH-NJ01,2023-12-31,Pick_Face,Reserve,2,0.09,pending,,,2026-06-10 22:47:39.129482
101,IND-001805,DHL-WH-IL02,2023-12-31,Pick_Face,Reserve,2,0.09,pending,,,2026-06-10 22:47:39.129482
542,FMC-001746,DHL-WH-NJ01,2023-12-31,Pick_Face,Reserve,2,0.09,pending,,,2026-06-10 22:47:39.129482
777,HLT-000706,DHL-WH-TX03,2023-12-31,Pick_Face,Reserve,2,0.09,pending,,,2026-06-10 22:47:39.129482
304,ELC-000637,DHL-WH-NJ01,2023-12-31,Pick_Face,Reserve,2,0.09,pending,,,2026-06-10 22:47:39.129482
545,CHM-001369,DHL-WH-NJ01,2023-12-31,Pick_Face,Reserve,2,0.09,pending,,,2026-06-10 22:47:39.129482
308,CHM-000722,DHL-WH-NJ01,2023-12-31,Pick_Face,Reserve,2,0.09,pending,,,2026-06-10 22:47:39.129482
778,FMC-001684,DHL-WH-TX03,2023-12-31,Pick_Face,Reserve,2,0.09,pending,,,2026-06-10 22:47:39.129482
309,HLT-000442,DHL-WH-NJ01,2023-12-31,Pick_Face,Reserve,2,0.09,pending,,,2026-06-10 22:47:39.129482
779,CHM-001667,DHL-WH-TX03,2023-12-31,Pick_Face,Reserve,2,0.09,pending,,,2026-06-10 22:47:39.129482
550,ELC-001864,DHL-WH-NJ01,2023-12-31,Pick_Face,Reserve,2,0.09,pending,,,2026-06-10 22:47:39.129482
551,FSH-000433,DHL-WH-NJ01,2023-12-31,Pick_Face,Reserve,2,0.09,pending,,,2026-06-10 22:47:39.129482
552,FMC-001183,DHL-WH-NJ01,2023-12-31,Pick_Face,Reserve,2,0.09,pending,,,2026-06-10 22:47:39.129482
780,IND-000024,DHL-WH-TX03,2023-12-31,Pick_Face,Reserve,2,0.09,pending,,,2026-06-10 22:47:39.129482
102,IND-001976,DHL-WH-IL02,2023-12-31,Pick_Face,Reserve,2,0.09,pending,,,2026-06-10 22:47:39.129482
555,FMC-000807,DHL-WH-NJ01,2023-12-31,Pick_Face,Reserve,2,0.09,pending,,,2026-06-10 22:47:39.129482
783,ELC-001107,DHL-WH-TX03,2023-12-31,Pick_Face,Reserve,2,0.09,pending,,,2026-06-10 22:47:39.129482
785,FMC-000035,DHL-WH-TX03,2023-12-31,Pick_Face,Reserve,2,0.09,pending,,,2026-06-10 22:47:39.129482
558,FMC-000840,DHL-WH-NJ01,2023-12-31,Pick_Face,Reserve,2,0.09,pending,,,2026-06-10 22:47:39.129482
559,AUT-001380,DHL-WH-NJ01,2023-12-31,Pick_Face,Reserve,2,0.09,pending,,,2026-06-10 22:47:39.129482
786,FMC-001613,DHL-WH-TX03,2023-12-31,Pick_Face,Reserve,2,0.09,pending,,,2026-06-10 22:47:39.129482
561,FMC-001899,DHL-WH-NJ01,2023-12-31,Pick_Face,Reserve,2,0.09,pending,,,2026-06-10 22:47:39.129482
562,IND-001727,DHL-WH-NJ01,2023-12-31,Pick_Face,Reserve,2,0.09,pending,,,2026-06-10 22:47:39.129482
787,HLT-001661,DHL-WH-TX03,2023-12-31,Pick_Face,Reserve,2,0.09,pending,,,2026-06-10 22:47:39.129482
104,FMC-000301,DHL-WH-IL02,2023-12-31,Pick_Face,Reserve,2,0.09,pending,,,2026-06-10 22:47:39.129482
790,IND-000424,DHL-WH-TX03,2023-12-31,Pick_Face,Reserve,2,0.09,pending,,,2026-06-10 22:47:39.129482
566,AUT-000918,DHL-WH-NJ01,2023-12-31,Pick_Face,Reserve,2,0.09,pending,,,2026-06-10 22:47:39.129482
791,FSH-000139,DHL-WH-TX03,2023-12-31,Pick_Face,Reserve,2,0.09,pending,,,2026-06-10 22:47:39.129482
568,FMC-001410,DHL-WH-NJ01,2023-12-31,Pick_Face,Reserve,2,0.09,pending,,,2026-06-10 22:47:39.129482
105,IND-001608,DHL-WH-IL02,2023-12-31,Pick_Face,Reserve,2,0.09,pending,,,2026-06-10 22:47:39.129482
795,FSH-000361,DHL-WH-TX03,2023-12-31,Pick_Face,Reserve,2,0.09,pending,,,2026-06-10 22:47:39.129482
571,HLT-000064,DHL-WH-TX03,2023-12-31,Pick_Face,Reserve,2,0.09,pending,,,2026-06-10 22:47:39.129482
321,ELC-000174,DHL-WH-NJ01,2023-12-31,Pick_Face,Reserve,2,0.09,pending,,,2026-06-10 22:47:39.129482
573,ELC-000856,DHL-WH-TX03,2023-12-31,Pick_Face,Reserve,2,0.09,pending,,,2026-06-10 22:47:39.129482
797,FSH-001143,DHL-WH-TX03,2023-12-31,Pick_Face,Reserve,2,0.09,pending,,,2026-06-10 22:47:39.129482
575,FMC-001438,DHL-WH-TX03,2023-12-31,Pick_Face,Reserve,2,0.09,pending,,,2026-06-10 22:47:39.129482
107,PHM-000546,DHL-WH-IL02,2023-12-31,Pick_Face,Reserve,2,0.09,pending,,,2026-06-10 22:47:39.129482
577,PHM-001343,DHL-WH-TX03,2023-12-31,Pick_Face,Reserve,2,0.09,pending,,,2026-06-10 22:47:39.129482
798,ELC-000229,DHL-WH-TX03,2023-12-31,Pick_Face,Reserve,2,0.09,pending,,,2026-06-10 22:47:39.129482
325,IND-000024,DHL-WH-NJ01,2023-12-31,Pick_Face,Reserve,2,0.09,pending,,,2026-06-10 22:47:39.129482
803,IND-001844,DHL-WH-TX03,2023-12-31,Pick_Face,Reserve,2,0.09,pending,,,2026-06-10 22:47:39.129482
581,FMC-000506,DHL-WH-TX03,2023-12-31,Pick_Face,Reserve,2,0.09,pending,,,2026-06-10 22:47:39.129482
582,HLT-000308,DHL-WH-TX03,2023-12-31,Pick_Face,Reserve,2,0.09,pending,,,2026-06-10 22:47:39.129482
110,AUT-000117,DHL-WH-IL02,2023-12-31,Pick_Face,Reserve,2,0.09,pending,,,2026-06-10 22:47:39.129482
584,HLT-000559,DHL-WH-TX03,2023-12-31,Pick_Face,Reserve,2,0.09,pending,,,2026-06-10 22:47:39.129482
328,ELC-000542,DHL-WH-NJ01,2023-12-31,Pick_Face,Reserve,2,0.09,pending,,,2026-06-10 22:47:39.129482
329,FMC-000698,DHL-WH-NJ01,2023-12-31,Pick_Face,Reserve,2,0.09,pending,,,2026-06-10 22:47:39.129482
34,IND-001213,DHL-WH-IL02,2023-12-31,Pick_Face,Reserve,2,0.09,pending,,,2026-06-10 22:47:39.129482
588,ELC-000816,DHL-WH-TX03,2023-12-31,Pick_Face,Reserve,2,0.09,pending,,,2026-06-10 22:47:39.129482
805,ELC-001059,DHL-WH-TX03,2023-12-31,Pick_Face,Reserve,2,0.09,pending,,,2026-06-10 22:47:39.129482
332,FMC-000281,DHL-WH-NJ01,2023-12-31,Pick_Face,Reserve,2,0.09,pending,,,2026-06-10 22:47:39.129482
113,FMC-000422,DHL-WH-IL02,2023-12-31,Pick_Face,Reserve,2,0.09,pending,,,2026-06-10 22:47:39.129482
114,CHM-000523,DHL-WH-IL02,2023-12-31,Pick_Face,Reserve,2,0.09,pending,,,2026-06-10 22:47:39.129482
813,PHM-000710,DHL-WH-TX03,2023-12-31,Pick_Face,Reserve,2,0.09,pending,,,2026-06-10 22:47:39.129482
594,FMC-000251,DHL-WH-TX03,2023-12-31,Pick_Face,Reserve,2,0.09,pending,,,2026-06-10 22:47:39.129482
338,CHM-001327,DHL-WH-NJ01,2023-12-31,Pick_Face,Reserve,2,0.09,pending,,,2026-06-10 22:47:39.129482
36,HLT-001531,DHL-WH-IL02,2023-12-31,Pick_Face,Reserve,2,0.09,pending,,,2026-06-10 22:47:39.129482
115,FSH-001833,DHL-WH-IL02,2023-12-31,Pick_Face,Reserve,2,0.09,pending,,,2026-06-10 22:47:39.129482
818,IND-001484,DHL-WH-TX03,2023-12-31,Pick_Face,Reserve,2,0.09,pending,,,2026-06-10 22:47:39.129482
117,HLT-000037,DHL-WH-IL02,2023-12-31,Pick_Face,Reserve,2,0.09,pending,,,2026-06-10 22:47:39.129482
341,FMC-001903,DHL-WH-NJ01,2023-12-31,Pick_Face,Reserve,2,0.09,pending,,,2026-06-10 22:47:39.129482
342,AUT-000647,DHL-WH-NJ01,2023-12-31,Pick_Face,Reserve,2,0.09,pending,,,2026-06-10 22:47:39.129482
119,FSH-000660,DHL-WH-IL02,2023-12-31,Pick_Face,Reserve,2,0.09,pending,,,2026-06-10 22:47:39.129482
603,CHM-000199,DHL-WH-TX03,2023-12-31,Pick_Face,Reserve,2,0.09,pending,,,2026-06-10 22:47:39.129482
120,FMC-001361,DHL-WH-IL02,2023-12-31,Pick_Face,Reserve,2,0.09,pending,,,2026-06-10 22:47:39.129482
121,FMC-001231,DHL-WH-IL02,2023-12-31,Pick_Face,Reserve,2,0.09,pending,,,2026-06-10 22:47:39.129482
344,ELC-000222,DHL-WH-NJ01,2023-12-31,Pick_Face,Reserve,2,0.09,pending,,,2026-06-10 22:47:39.129482
823,HLT-001664,DHL-WH-TX03,2023-12-31,Pick_Face,Reserve,2,0.09,pending,,,2026-06-10 22:47:39.129482
123,ELC-001752,DHL-WH-IL02,2023-12-31,Pick_Face,Reserve,2,0.09,pending,,,2026-06-10 22:47:39.129482
124,ELC-000136,DHL-WH-IL02,2023-12-31,Pick_Face,Reserve,2,0.09,pending,,,2026-06-10 22:47:39.129482
824,FMC-000732,DHL-WH-TX03,2023-12-31,Pick_Face,Reserve,2,0.09,pending,,,2026-06-10 22:47:39.129482
42,PHM-000446,DHL-WH-IL02,2023-12-31,Pick_Face,Reserve,2,0.09,pending,,,2026-06-10 22:47:39.129482
350,IND-000018,DHL-WH-NJ01,2023-12-31,Pick_Face,Reserve,2,0.09,pending,,,2026-06-10 22:47:39.129482
351,FMC-001508,DHL-WH-NJ01,2023-12-31,Pick_Face,Reserve,2,0.09,pending,,,2026-06-10 22:47:39.129482
614,ELC-000828,DHL-WH-TX03,2023-12-31,Pick_Face,Reserve,2,0.09,pending,,,2026-06-10 22:47:39.129482
831,FMC-000937,DHL-WH-TX03,2023-12-31,Pick_Face,Reserve,2,0.09,pending,,,2026-06-10 22:47:39.129482
355,PHM-000377,DHL-WH-NJ01,2023-12-31,Pick_Face,Reserve,2,0.09,pending,,,2026-06-10 22:47:39.129482
617,IND-001261,DHL-WH-TX03,2023-12-31,Pick_Face,Reserve,2,0.09,pending,,,2026-06-10 22:47:39.129482
618,ELC-000210,DHL-WH-TX03,2023-12-31,Pick_Face,Reserve,2,0.09,pending,,,2026-06-10 22:47:39.129482
356,CHM-001295,DHL-WH-NJ01,2023-12-31,Pick_Face,Reserve,2,0.09,pending,,,2026-06-10 22:47:39.129482
127,CHM-000746,DHL-WH-IL02,2023-12-31,Pick_Face,Reserve,2,0.09,pending,,,2026-06-10 22:47:39.129482
362,FMC-001804,DHL-WH-NJ01,2023-12-31,Pick_Face,Reserve,2,0.09,pending,,,2026-06-10 22:47:39.129482
128,HLT-001853,DHL-WH-IL02,2023-12-31,Pick_Face,Reserve,2,0.09,pending,,,2026-06-10 22:47:39.129482
623,FMC-001620,DHL-WH-TX03,2023-12-31,Pick_Face,Reserve,2,0.09,pending,,,2026-06-10 22:47:39.129482
624,FMC-000334,DHL-WH-TX03,2023-12-31,Pick_Face,Reserve,2,0.09,pending,,,2026-06-10 22:47:39.129482
129,FMC-000945,DHL-WH-IL02,2023-12-31,Pick_Face,Reserve,2,0.09,pending,,,2026-06-10 22:47:39.129482
365,CHM-000780,DHL-WH-NJ01,2023-12-31,Pick_Face,Reserve,2,0.09,pending,,,2026-06-10 22:47:39.129482
627,HLT-000034,DHL-WH-TX03,2023-12-31,Pick_Face,Reserve,2,0.09,pending,,,2026-06-10 22:47:39.129482
369,HLT-001881,DHL-WH-NJ01,2023-12-31,Pick_Face,Reserve,2,0.09,pending,,,2026-06-10 22:47:39.129482
372,PHM-001340,DHL-WH-NJ01,2023-12-31,Pick_Face,Reserve,2,0.09,pending,,,2026-06-10 22:47:39.129482
373,CHM-001891,DHL-WH-NJ01,2023-12-31,Pick_Face,Reserve,2,0.09,pending,,,2026-06-10 22:47:39.129482
843,CHM-000793,DHL-WH-TX03,2023-12-31,Pick_Face,Reserve,2,0.09,pending,,,2026-06-10 22:47:39.129482
844,IND-001625,DHL-WH-TX03,2023-12-31,Pick_Face,Reserve,2,0.09,pending,,,2026-06-10 22:47:39.129482
845,CHM-000213,DHL-WH-TX03,2023-12-31,Pick_Face,Reserve,2,0.09,pending,,,2026-06-10 22:47:39.129482
374,PHM-001689,DHL-WH-NJ01,2023-12-31,Pick_Face,Reserve,2,0.09,pending,,,2026-06-10 22:47:39.129482
635,PHM-000161,DHL-WH-TX03,2023-12-31,Pick_Face,Reserve,2,0.09,pending,,,2026-06-10 22:47:39.129482
636,CHM-001014,DHL-WH-TX03,2023-12-31,Pick_Face,Reserve,2,0.09,pending,,,2026-06-10 22:47:39.129482
637,HLT-000410,DHL-WH-TX03,2023-12-31,Pick_Face,Reserve,2,0.09,pending,,,2026-06-10 22:47:39.129482
638,ELC-000597,DHL-WH-TX03,2023-12-31,Pick_Face,Reserve,2,0.09,pending,,,2026-06-10 22:47:39.129482
639,HLT-000283,DHL-WH-TX03,2023-12-31,Pick_Face,Reserve,2,0.09,pending,,,2026-06-10 22:47:39.129482
640,AUT-000284,DHL-WH-TX03,2023-12-31,Pick_Face,Reserve,2,0.09,pending,,,2026-06-10 22:47:39.129482
641,FMC-001785,DHL-WH-TX03,2023-12-31,Pick_Face,Reserve,2,0.09,pending,,,2026-06-10 22:47:39.129482
847,FMC-001937,DHL-WH-TX03,2023-12-31,Pick_Face,Reserve,2,0.09,pending,,,2026-06-10 22:47:39.129482
376,HLT-001838,DHL-WH-NJ01,2023-12-31,Pick_Face,Reserve,2,0.09,pending,,,2026-06-10 22:47:39.129482
644,FMC-000450,DHL-WH-TX03,2023-12-31,Pick_Face,Reserve,2,0.09,pending,,,2026-06-10 22:47:39.129482
849,CHM-000780,DHL-WH-TX03,2023-12-31,Pick_Face,Reserve,2,0.09,pending,,,2026-06-10 22:47:39.129482
646,ELC-000065,DHL-WH-TX03,2023-12-31,Pick_Face,Reserve,2,0.09,pending,,,2026-06-10 22:47:39.129482
382,PHM-000861,DHL-WH-NJ01,2023-12-31,Pick_Face,Reserve,2,0.09,pending,,,2026-06-10 22:47:39.129482
383,AUT-000483,DHL-WH-NJ01,2023-12-31,Pick_Face,Reserve,2,0.09,pending,,,2026-06-10 22:47:39.129482
649,FSH-000881,DHL-WH-TX03,2023-12-31,Pick_Face,Reserve,2,0.09,pending,,,2026-06-10 22:47:39.129482
851,AUT-000164,DHL-WH-TX03,2023-12-31,Pick_Face,Reserve,2,0.09,pending,,,2026-06-10 22:47:39.129482
651,IND-001124,DHL-WH-TX03,2023-12-31,Pick_Face,Reserve,2,0.09,pending,,,2026-06-10 22:47:39.129482
652,IND-000188,DHL-WH-TX03,2023-12-31,Pick_Face,Reserve,2,0.09,pending,,,2026-06-10 22:47:39.129482
653,FSH-000917,DHL-WH-TX03,2023-12-31,Pick_Face,Reserve,2,0.09,pending,,,2026-06-10 22:47:39.129482
853,FSH-001009,DHL-WH-TX03,2023-12-31,Pick_Face,Reserve,2,0.09,pending,,,2026-06-10 22:47:39.129482
44,AUT-000253,DHL-WH-IL02,2023-12-31,Pick_Face,Reserve,2,0.09,pending,,,2026-06-10 22:47:39.129482
854,FMC-001961,DHL-WH-TX03,2023-12-31,Pick_Face,Reserve,2,0.09,pending,,,2026-06-10 22:47:39.129482
657,IND-001893,DHL-WH-TX03,2023-12-31,Pick_Face,Reserve,2,0.09,pending,,,2026-06-10 22:47:39.129482
134,FMC-000674,DHL-WH-IL02,2023-12-31,Pick_Face,Reserve,2,0.09,pending,,,2026-06-10 22:47:39.129482
659,PHM-001914,DHL-WH-TX03,2023-12-31,Pick_Face,Reserve,2,0.09,pending,,,2026-06-10 22:47:39.129482
390,AUT-000297,DHL-WH-NJ01,2023-12-31,Pick_Face,Reserve,2,0.09,pending,,,2026-06-10 22:47:39.129482
392,ELC-000177,DHL-WH-NJ01,2023-12-31,Pick_Face,Reserve,2,0.09,pending,,,2026-06-10 22:47:39.129482
136,HLT-000984,DHL-WH-IL02,2023-12-31,Pick_Face,Reserve,2,0.09,pending,,,2026-06-10 22:47:39.129482
663,FSH-000820,DHL-WH-TX03,2023-12-31,Pick_Face,Reserve,2,0.09,pending,,,2026-06-10 22:47:39.129482
664,FMC-001529,DHL-WH-TX03,2023-12-31,Pick_Face,Reserve,2,0.09,pending,,,2026-06-10 22:47:39.129482
138,IND-000005,DHL-WH-IL02,2023-12-31,Pick_Face,Reserve,2,0.09,pending,,,2026-06-10 22:47:39.129482
862,FMC-001281,DHL-WH-TX03,2023-12-31,Pick_Face,Reserve,2,0.09,pending,,,2026-06-10 22:47:39.129482
863,FSH-001356,DHL-WH-TX03,2023-12-31,Pick_Face,Reserve,2,0.09,pending,,,2026-06-10 22:47:39.129482
141,FMC-001815,DHL-WH-IL02,2023-12-31,Pick_Face,Reserve,2,0.09,pending,,,2026-06-10 22:47:39.129482
397,CHM-000260,DHL-WH-NJ01,2023-12-31,Pick_Face,Reserve,2,0.09,pending,,,2026-06-10 22:47:39.129482
398,FSH-001009,DHL-WH-NJ01,2023-12-31,Pick_Face,Reserve,2,0.09,pending,,,2026-06-10 22:47:39.129482
868,HLT-000054,DHL-WH-TX03,2023-12-31,Pick_Face,Reserve,2,0.09,pending,,,2026-06-10 22:47:39.129482
400,FMC-000949,DHL-WH-NJ01,2023-12-31,Pick_Face,Reserve,2,0.09,pending,,,2026-06-10 22:47:39.129482
673,AUT-000904,DHL-WH-TX03,2023-12-31,Pick_Face,Reserve,2,0.09,pending,,,2026-06-10 22:47:39.129482
402,FSH-000942,DHL-WH-NJ01,2023-12-31,Pick_Face,Reserve,2,0.09,pending,,,2026-06-10 22:47:39.129482
146,FMC-000659,DHL-WH-IL02,2023-12-31,Pick_Face,Reserve,2,0.09,pending,,,2026-06-10 22:47:39.129482
876,FMC-001302,DHL-WH-TX03,2023-12-31,Pick_Face,Reserve,2,0.09,pending,,,2026-06-10 22:47:39.129482
877,CHM-001999,DHL-WH-TX03,2023-12-31,Pick_Face,Reserve,2,0.09,pending,,,2026-06-10 22:47:39.129482
410,CHM-001747,DHL-WH-NJ01,2023-12-31,Pick_Face,Reserve,1,0.04,pending,,,2026-06-10 22:47:39.129482
411,ELC-001363,DHL-WH-NJ01,2023-12-31,Pick_Face,Reserve,1,0.04,pending,,,2026-06-10 22:47:39.129482
151,ELC-000469,DHL-WH-IL02,2023-12-31,Pick_Face,Reserve,1,0.04,pending,,,2026-06-10 22:47:39.129482
412,HLT-000421,DHL-WH-NJ01,2023-12-31,Pick_Face,Reserve,1,0.04,pending,,,2026-06-10 22:47:39.129482
413,FMC-001622,DHL-WH-NJ01,2023-12-31,Pick_Face,Reserve,1,0.04,pending,,,2026-06-10 22:47:39.129482
414,FSH-000500,DHL-WH-NJ01,2023-12-31,Pick_Face,Reserve,1,0.04,pending,,,2026-06-10 22:47:39.129482
415,ELC-000382,DHL-WH-NJ01,2023-12-31,Pick_Face,Reserve,1,0.04,pending,,,2026-06-10 22:47:39.129482
416,FMC-000693,DHL-WH-NJ01,2023-12-31,Pick_Face,Reserve,1,0.04,pending,,,2026-06-10 22:47:39.129482
417,PHM-001256,DHL-WH-NJ01,2023-12-31,Pick_Face,Reserve,1,0.04,pending,,,2026-06-10 22:47:39.129482
687,IND-001673,DHL-WH-TX03,2023-12-31,Pick_Face,Reserve,1,0.04,pending,,,2026-06-10 22:47:39.129482
159,ELC-001022,DHL-WH-IL02,2023-12-31,Pick_Face,Reserve,1,0.04,pending,,,2026-06-10 22:47:39.129482
419,FMC-001953,DHL-WH-NJ01,2023-12-31,Pick_Face,Reserve,1,0.04,pending,,,2026-06-10 22:47:39.129482
421,FSH-000532,DHL-WH-NJ01,2023-12-31,Pick_Face,Reserve,1,0.04,pending,,,2026-06-10 22:47:39.129482
422,ELC-001582,DHL-WH-NJ01,2023-12-31,Pick_Face,Reserve,1,0.04,pending,,,2026-06-10 22:47:39.129482
49,HLT-001433,DHL-WH-IL02,2023-12-31,Pick_Face,Reserve,1,0.04,pending,,,2026-06-10 22:47:39.129482
50,FSH-000145,DHL-WH-IL02,2023-12-31,Pick_Face,Reserve,1,0.04,pending,,,2026-06-10 22:47:39.129482
51,CHM-000998,DHL-WH-IL02,2023-12-31,Pick_Face,Reserve,1,0.04,pending,,,2026-06-10 22:47:39.129482
52,ELC-000903,DHL-WH-IL02,2023-12-31,Pick_Face,Reserve,1,0.04,pending,,,2026-06-10 22:47:39.129482
168,ELC-001353,DHL-WH-IL02,2023-12-31,Pick_Face,Reserve,1,0.04,pending,,,2026-06-10 22:47:39.129482
170,ELC-000298,DHL-WH-IL02,2023-12-31,Pick_Face,Reserve,1,0.04,pending,,,2026-06-10 22:47:39.129482
698,IND-000806,DHL-WH-TX03,2023-12-31,Pick_Face,Reserve,1,0.04,pending,,,2026-06-10 22:47:39.129482
181,FMC-001471,DHL-WH-IL02,2023-12-31,Pick_Face,Reserve,1,0.04,pending,,,2026-06-10 22:47:39.129482
184,FMC-001684,DHL-WH-IL02,2023-12-31,Pick_Face,Reserve,1,0.04,pending,,,2026-06-10 22:47:39.129482
701,AUT-000860,DHL-WH-TX03,2023-12-31,Pick_Face,Reserve,1,0.04,pending,,,2026-06-10 22:47:39.129482
56,ELC-001477,DHL-WH-IL02,2023-12-31,Pick_Face,Reserve,1,0.04,pending,,,2026-06-10 22:47:39.129482
18,PHM-000844,DHL-WH-IL02,2023-12-31,Pick_Face,Reserve,1,0.04,pending,,,2026-06-10 22:47:39.129482
195,ELC-001184,DHL-WH-IL02,2023-12-31,Pick_Face,Reserve,1,0.04,pending,,,2026-06-10 22:47:39.129482
196,ELC-001756,DHL-WH-IL02,2023-12-31,Pick_Face,Reserve,1,0.04,pending,,,2026-06-10 22:47:39.129482
60,ELC-001665,DHL-WH-IL02,2023-12-31,Pick_Face,Reserve,1,0.04,pending,,,2026-06-10 22:47:39.129482
451,FMC-001435,DHL-WH-NJ01,2023-12-31,Pick_Face,Reserve,1,0.04,pending,,,2026-06-10 22:47:39.129482
455,FSH-000138,DHL-WH-NJ01,2023-12-31,Pick_Face,Reserve,1,0.04,pending,,,2026-06-10 22:47:39.129482
709,ELC-000241,DHL-WH-TX03,2023-12-31,Pick_Face,Reserve,1,0.04,pending,,,2026-06-10 22:47:39.129482
208,FMC-001639,DHL-WH-IL02,2023-12-31,Pick_Face,Reserve,1,0.04,pending,,,2026-06-10 22:47:39.129482
458,FMC-000053,DHL-WH-NJ01,2023-12-31,Pick_Face,Reserve,1,0.04,pending,,,2026-06-10 22:47:39.129482
712,FMC-001152,DHL-WH-TX03,2023-12-31,Pick_Face,Reserve,1,0.04,pending,,,2026-06-10 22:47:39.129482
713,ELC-001792,DHL-WH-TX03,2023-12-31,Pick_Face,Reserve,1,0.04,pending,,,2026-06-10 22:47:39.129482
714,PHM-001335,DHL-WH-TX03,2023-12-31,Pick_Face,Reserve,1,0.04,pending,,,2026-06-10 22:47:39.129482
209,ELC-001098,DHL-WH-IL02,2023-12-31,Pick_Face,Reserve,1,0.04,pending,,,2026-06-10 22:47:39.129482
211,IND-000024,DHL-WH-IL02,2023-12-31,Pick_Face,Reserve,1,0.04,pending,,,2026-06-10 22:47:39.129482
212,IND-000880,DHL-WH-IL02,2023-12-31,Pick_Face,Reserve,1,0.04,pending,,,2026-06-10 22:47:39.129482
23,IND-001175,DHL-WH-IL02,2023-12-31,Pick_Face,Reserve,1,0.04,pending,,,2026-06-10 22:47:39.129482
719,FMC-000946,DHL-WH-TX03,2023-12-31,Pick_Face,Reserve,1,0.04,pending,,,2026-06-10 22:47:39.129482
720,AUT-000977,DHL-WH-TX03,2023-12-31,Pick_Face,Reserve,1,0.04,pending,,,2026-06-10 22:47:39.129482
721,FMC-001746,DHL-WH-TX03,2023-12-31,Pick_Face,Reserve,1,0.04,pending,,,2026-06-10 22:47:39.129482
465,FSH-000345,DHL-WH-NJ01,2023-12-31,Pick_Face,Reserve,1,0.04,pending,,,2026-06-10 22:47:39.129482
61,AUT-001772,DHL-WH-IL02,2023-12-31,Pick_Face,Reserve,1,0.04,pending,,,2026-06-10 22:47:39.129482
724,CHM-000401,DHL-WH-TX03,2023-12-31,Pick_Face,Reserve,1,0.04,pending,,,2026-06-10 22:47:39.129482
213,FSH-000497,DHL-WH-IL02,2023-12-31,Pick_Face,Reserve,1,0.04,pending,,,2026-06-10 22:47:39.129482
215,ELC-001360,DHL-WH-IL02,2023-12-31,Pick_Face,Reserve,1,0.04,pending,,,2026-06-10 22:47:39.129482
727,IND-001976,DHL-WH-TX03,2023-12-31,Pick_Face,Reserve,1,0.04,pending,,,2026-06-10 22:47:39.129482
478,FMC-001540,DHL-WH-NJ01,2023-12-31,Pick_Face,Reserve,1,0.04,pending,,,2026-06-10 22:47:39.129482
479,PHM-001139,DHL-WH-NJ01,2023-12-31,Pick_Face,Reserve,1,0.04,pending,,,2026-06-10 22:47:39.129482
63,ELC-001767,DHL-WH-IL02,2023-12-31,Pick_Face,Reserve,1,0.04,pending,,,2026-06-10 22:47:39.129482
482,FSH-001698,DHL-WH-NJ01,2023-12-31,Pick_Face,Reserve,1,0.04,pending,,,2026-06-10 22:47:39.129482
484,PHM-000428,DHL-WH-NJ01,2023-12-31,Pick_Face,Reserve,1,0.04,pending,,,2026-06-10 22:47:39.129482
486,CHM-001091,DHL-WH-NJ01,2023-12-31,Pick_Face,Reserve,1,0.04,pending,,,2026-06-10 22:47:39.129482
487,IND-000741,DHL-WH-NJ01,2023-12-31,Pick_Face,Reserve,1,0.04,pending,,,2026-06-10 22:47:39.129482
488,IND-000811,DHL-WH-NJ01,2023-12-31,Pick_Face,Reserve,1,0.04,pending,,,2026-06-10 22:47:39.129482
489,FSH-000146,DHL-WH-NJ01,2023-12-31,Pick_Face,Reserve,1,0.04,pending,,,2026-06-10 22:47:39.129482
490,IND-000022,DHL-WH-NJ01,2023-12-31,Pick_Face,Reserve,1,0.04,pending,,,2026-06-10 22:47:39.129482
491,ELC-000597,DHL-WH-NJ01,2023-12-31,Pick_Face,Reserve,1,0.04,pending,,,2026-06-10 22:47:39.129482
234,FSH-000701,DHL-WH-IL02,2023-12-31,Pick_Face,Reserve,1,0.04,pending,,,2026-06-10 22:47:39.129482
492,PHM-000810,DHL-WH-NJ01,2023-12-31,Pick_Face,Reserve,1,0.04,pending,,,2026-06-10 22:47:39.129482
70,FMC-001470,DHL-WH-IL02,2023-12-31,Pick_Face,Reserve,1,0.04,pending,,,2026-06-10 22:47:39.129482
493,CHM-001452,DHL-WH-NJ01,2023-12-31,Pick_Face,Reserve,1,0.04,pending,,,2026-06-10 22:47:39.129482
743,FMC-001297,DHL-WH-TX03,2023-12-31,Pick_Face,Reserve,1,0.04,pending,,,2026-06-10 22:47:39.129482
497,IND-000877,DHL-WH-NJ01,2023-12-31,Pick_Face,Reserve,1,0.04,pending,,,2026-06-10 22:47:39.129482
256,IND-000300,DHL-WH-IL02,2023-12-31,Pick_Face,Reserve,1,0.04,pending,,,2026-06-10 22:47:39.129482
257,PHM-001832,DHL-WH-IL02,2023-12-31,Pick_Face,Reserve,1,0.04,pending,,,2026-06-10 22:47:39.129482
259,ELC-000954,DHL-WH-IL02,2023-12-31,Pick_Face,Reserve,1,0.04,pending,,,2026-06-10 22:47:39.129482
748,PHM-000390,DHL-WH-TX03,2023-12-31,Pick_Face,Reserve,1,0.04,pending,,,2026-06-10 22:47:39.129482
5,AUT-001383,DHL-WH-IL02,2023-12-31,Pick_Face,Reserve,1,0.04,pending,,,2026-06-10 22:47:39.129482
262,FMC-001302,DHL-WH-IL02,2023-12-31,Pick_Face,Reserve,1,0.04,pending,,,2026-06-10 22:47:39.129482
512,PHM-000662,DHL-WH-NJ01,2023-12-31,Pick_Face,Reserve,1,0.04,pending,,,2026-06-10 22:47:39.129482
267,HLT-001695,DHL-WH-IL02,2023-12-31,Pick_Face,Reserve,1,0.04,pending,,,2026-06-10 22:47:39.129482
268,IND-001882,DHL-WH-IL02,2023-12-31,Pick_Face,Reserve,1,0.04,pending,,,2026-06-10 22:47:39.129482
269,HLT-001846,DHL-WH-IL02,2023-12-31,Pick_Face,Reserve,1,0.04,pending,,,2026-06-10 22:47:39.129482
270,HLT-000421,DHL-WH-IL02,2023-12-31,Pick_Face,Reserve,1,0.04,pending,,,2026-06-10 22:47:39.129482
271,FMC-000044,DHL-WH-IL02,2023-12-31,Pick_Face,Reserve,1,0.04,pending,,,2026-06-10 22:47:39.129482
757,PHM-001156,DHL-WH-TX03,2023-12-31,Pick_Face,Reserve,1,0.04,pending,,,2026-06-10 22:47:39.129482
272,FMC-000137,DHL-WH-IL02,2023-12-31,Pick_Face,Reserve,1,0.04,pending,,,2026-06-10 22:47:39.129482
31,ELC-000816,DHL-WH-IL02,2023-12-31,Pick_Face,Reserve,1,0.04,pending,,,2026-06-10 22:47:39.129482
276,FMC-001993,DHL-WH-IL02,2023-12-31,Pick_Face,Reserve,1,0.04,pending,,,2026-06-10 22:47:39.129482
761,CHM-000573,DHL-WH-TX03,2023-12-31,Pick_Face,Reserve,1,0.04,pending,,,2026-06-10 22:47:39.129482
521,IND-000032,DHL-WH-NJ01,2023-12-31,Pick_Face,Reserve,1,0.04,pending,,,2026-06-10 22:47:39.129482
522,HLT-000291,DHL-WH-NJ01,2023-12-31,Pick_Face,Reserve,1,0.04,pending,,,2026-06-10 22:47:39.129482
277,HLT-001056,DHL-WH-IL02,2023-12-31,Pick_Face,Reserve,1,0.04,pending,,,2026-06-10 22:47:39.129482
278,FMC-001568,DHL-WH-IL02,2023-12-31,Pick_Face,Reserve,1,0.04,pending,,,2026-06-10 22:47:39.129482
766,PHM-000310,DHL-WH-TX03,2023-12-31,Pick_Face,Reserve,1,0.04,pending,,,2026-06-10 22:47:39.129482
9,PHM-001035,DHL-WH-IL02,2023-12-31,Pick_Face,Reserve,1,0.04,pending,,,2026-06-10 22:47:39.129482
279,ELC-001429,DHL-WH-NJ01,2023-12-31,Pick_Face,Reserve,1,0.04,pending,,,2026-06-10 22:47:39.129482
281,FSH-000361,DHL-WH-NJ01,2023-12-31,Pick_Face,Reserve,1,0.04,pending,,,2026-06-10 22:47:39.129482
527,HLT-000933,DHL-WH-NJ01,2023-12-31,Pick_Face,Reserve,1,0.04,pending,,,2026-06-10 22:47:39.129482
533,FSH-000881,DHL-WH-NJ01,2023-12-31,Pick_Face,Reserve,1,0.04,pending,,,2026-06-10 22:47:39.129482
534,ELC-001076,DHL-WH-NJ01,2023-12-31,Pick_Face,Reserve,1,0.04,pending,,,2026-06-10 22:47:39.129482
100,PHM-001024,DHL-WH-IL02,2023-12-31,Pick_Face,Reserve,1,0.04,pending,,,2026-06-10 22:47:39.129482
774,FSH-000225,DHL-WH-TX03,2023-12-31,Pick_Face,Reserve,1,0.04,pending,,,2026-06-10 22:47:39.129482
299,ELC-001255,DHL-WH-NJ01,2023-12-31,Pick_Face,Reserve,1,0.04,pending,,,2026-06-10 22:47:39.129482
303,FMC-000964,DHL-WH-NJ01,2023-12-31,Pick_Face,Reserve,1,0.04,pending,,,2026-06-10 22:47:39.129482
547,FSH-001403,DHL-WH-NJ01,2023-12-31,Pick_Face,Reserve,1,0.04,pending,,,2026-06-10 22:47:39.129482
549,ELC-000665,DHL-WH-NJ01,2023-12-31,Pick_Face,Reserve,1,0.04,pending,,,2026-06-10 22:47:39.129482
553,ELC-000065,DHL-WH-NJ01,2023-12-31,Pick_Face,Reserve,1,0.04,pending,,,2026-06-10 22:47:39.129482
554,FMC-000262,DHL-WH-NJ01,2023-12-31,Pick_Face,Reserve,1,0.04,pending,,,2026-06-10 22:47:39.129482
310,IND-001634,DHL-WH-NJ01,2023-12-31,Pick_Face,Reserve,1,0.04,pending,,,2026-06-10 22:47:39.129482
782,IND-001180,DHL-WH-TX03,2023-12-31,Pick_Face,Reserve,1,0.04,pending,,,2026-06-10 22:47:39.129482
557,ELC-001752,DHL-WH-NJ01,2023-12-31,Pick_Face,Reserve,1,0.04,pending,,,2026-06-10 22:47:39.129482
784,ELC-000631,DHL-WH-TX03,2023-12-31,Pick_Face,Reserve,1,0.04,pending,,,2026-06-10 22:47:39.129482
560,AUT-001932,DHL-WH-NJ01,2023-12-31,Pick_Face,Reserve,1,0.04,pending,,,2026-06-10 22:47:39.129482
563,FSH-000660,DHL-WH-NJ01,2023-12-31,Pick_Face,Reserve,1,0.04,pending,,,2026-06-10 22:47:39.129482
564,AUT-001921,DHL-WH-NJ01,2023-12-31,Pick_Face,Reserve,1,0.04,pending,,,2026-06-10 22:47:39.129482
788,FSH-001275,DHL-WH-TX03,2023-12-31,Pick_Face,Reserve,1,0.04,pending,,,2026-06-10 22:47:39.129482
565,HLT-001106,DHL-WH-NJ01,2023-12-31,Pick_Face,Reserve,1,0.04,pending,,,2026-06-10 22:47:39.129482
567,PHM-000547,DHL-WH-NJ01,2023-12-31,Pick_Face,Reserve,1,0.04,pending,,,2026-06-10 22:47:39.129482
319,PHM-000955,DHL-WH-NJ01,2023-12-31,Pick_Face,Reserve,1,0.04,pending,,,2026-06-10 22:47:39.129482
792,FSH-000972,DHL-WH-TX03,2023-12-31,Pick_Face,Reserve,1,0.04,pending,,,2026-06-10 22:47:39.129482
320,FMC-001407,DHL-WH-NJ01,2023-12-31,Pick_Face,Reserve,1,0.04,pending,,,2026-06-10 22:47:39.129482
794,FMC-001942,DHL-WH-TX03,2023-12-31,Pick_Face,Reserve,1,0.04,pending,,,2026-06-10 22:47:39.129482
322,ELC-000794,DHL-WH-NJ01,2023-12-31,Pick_Face,Reserve,1,0.04,pending,,,2026-06-10 22:47:39.129482
796,PHM-001970,DHL-WH-TX03,2023-12-31,Pick_Face,Reserve,1,0.04,pending,,,2026-06-10 22:47:39.129482
323,ELC-001906,DHL-WH-NJ01,2023-12-31,Pick_Face,Reserve,1,0.04,pending,,,2026-06-10 22:47:39.129482
326,ELC-000430,DHL-WH-NJ01,2023-12-31,Pick_Face,Reserve,1,0.04,pending,,,2026-06-10 22:47:39.129482
799,FMC-001526,DHL-WH-TX03,2023-12-31,Pick_Face,Reserve,1,0.04,pending,,,2026-06-10 22:47:39.129482
800,HLT-001264,DHL-WH-TX03,2023-12-31,Pick_Face,Reserve,1,0.04,pending,,,2026-06-10 22:47:39.129482
801,FSH-001092,DHL-WH-TX03,2023-12-31,Pick_Face,Reserve,1,0.04,pending,,,2026-06-10 22:47:39.129482
802,AUT-000879,DHL-WH-TX03,2023-12-31,Pick_Face,Reserve,1,0.04,pending,,,2026-06-10 22:47:39.129482
111,IND-001830,DHL-WH-IL02,2023-12-31,Pick_Face,Reserve,1,0.04,pending,,,2026-06-10 22:47:39.129482
804,AUT-000565,DHL-WH-TX03,2023-12-31,Pick_Face,Reserve,1,0.04,pending,,,2026-06-10 22:47:39.129482
330,IND-001650,DHL-WH-NJ01,2023-12-31,Pick_Face,Reserve,1,0.04,pending,,,2026-06-10 22:47:39.129482
806,PHM-001895,DHL-WH-TX03,2023-12-31,Pick_Face,Reserve,1,0.04,pending,,,2026-06-10 22:47:39.129482
807,FMC-001425,DHL-WH-TX03,2023-12-31,Pick_Face,Reserve,1,0.04,pending,,,2026-06-10 22:47:39.129482
808,ELC-001912,DHL-WH-TX03,2023-12-31,Pick_Face,Reserve,1,0.04,pending,,,2026-06-10 22:47:39.129482
809,FSH-000307,DHL-WH-TX03,2023-12-31,Pick_Face,Reserve,1,0.04,pending,,,2026-06-10 22:47:39.129482
333,FMC-001649,DHL-WH-NJ01,2023-12-31,Pick_Face,Reserve,1,0.04,pending,,,2026-06-10 22:47:39.129482
593,CHM-000391,DHL-WH-TX03,2023-12-31,Pick_Face,Reserve,1,0.04,pending,,,2026-06-10 22:47:39.129482
336,FSH-000972,DHL-WH-NJ01,2023-12-31,Pick_Face,Reserve,1,0.04,pending,,,2026-06-10 22:47:39.129482
595,HLT-000485,DHL-WH-TX03,2023-12-31,Pick_Face,Reserve,1,0.04,pending,,,2026-06-10 22:47:39.129482
597,AUT-000595,DHL-WH-TX03,2023-12-31,Pick_Face,Reserve,1,0.04,pending,,,2026-06-10 22:47:39.129482
37,HLT-000283,DHL-WH-IL02,2023-12-31,Pick_Face,Reserve,1,0.04,pending,,,2026-06-10 22:47:39.129482
598,FSH-000108,DHL-WH-TX03,2023-12-31,Pick_Face,Reserve,1,0.04,pending,,,2026-06-10 22:47:39.129482
339,HLT-000906,DHL-WH-NJ01,2023-12-31,Pick_Face,Reserve,1,0.04,pending,,,2026-06-10 22:47:39.129482
118,HLT-001962,DHL-WH-IL02,2023-12-31,Pick_Face,Reserve,1,0.04,pending,,,2026-06-10 22:47:39.129482
343,AUT-000658,DHL-WH-NJ01,2023-12-31,Pick_Face,Reserve,1,0.04,pending,,,2026-06-10 22:47:39.129482
607,PHM-000061,DHL-WH-TX03,2023-12-31,Pick_Face,Reserve,1,0.04,pending,,,2026-06-10 22:47:39.129482
346,PHM-001862,DHL-WH-NJ01,2023-12-31,Pick_Face,Reserve,1,0.04,pending,,,2026-06-10 22:47:39.129482
347,FMC-000562,DHL-WH-NJ01,2023-12-31,Pick_Face,Reserve,1,0.04,pending,,,2026-06-10 22:47:39.129482
348,IND-000012,DHL-WH-NJ01,2023-12-31,Pick_Face,Reserve,1,0.04,pending,,,2026-06-10 22:47:39.129482
611,HLT-000620,DHL-WH-TX03,2023-12-31,Pick_Face,Reserve,1,0.04,pending,,,2026-06-10 22:47:39.129482
125,IND-000032,DHL-WH-IL02,2023-12-31,Pick_Face,Reserve,1,0.04,pending,,,2026-06-10 22:47:39.129482
41,FMC-001628,DHL-WH-IL02,2023-12-31,Pick_Face,Reserve,1,0.04,pending,,,2026-06-10 22:47:39.129482
349,AUT-001096,DHL-WH-NJ01,2023-12-31,Pick_Face,Reserve,1,0.04,pending,,,2026-06-10 22:47:39.129482
126,FMC-000498,DHL-WH-IL02,2023-12-31,Pick_Face,Reserve,1,0.04,pending,,,2026-06-10 22:47:39.129482
612,PHM-001868,DHL-WH-TX03,2023-12-31,Pick_Face,Reserve,1,0.04,pending,,,2026-06-10 22:47:39.129482
352,FSH-001917,DHL-WH-NJ01,2023-12-31,Pick_Face,Reserve,1,0.04,pending,,,2026-06-10 22:47:39.129482
616,CHM-002000,DHL-WH-TX03,2023-12-31,Pick_Face,Reserve,1,0.04,pending,,,2026-06-10 22:47:39.129482
353,ELC-001153,DHL-WH-NJ01,2023-12-31,Pick_Face,Reserve,1,0.04,pending,,,2026-06-10 22:47:39.129482
354,FMC-001285,DHL-WH-NJ01,2023-12-31,Pick_Face,Reserve,1,0.04,pending,,,2026-06-10 22:47:39.129482
357,ELC-001353,DHL-WH-NJ01,2023-12-31,Pick_Face,Reserve,1,0.04,pending,,,2026-06-10 22:47:39.129482
358,FMC-001515,DHL-WH-NJ01,2023-12-31,Pick_Face,Reserve,1,0.04,pending,,,2026-06-10 22:47:39.129482
359,AUT-000565,DHL-WH-NJ01,2023-12-31,Pick_Face,Reserve,1,0.04,pending,,,2026-06-10 22:47:39.129482
360,PHM-001895,DHL-WH-NJ01,2023-12-31,Pick_Face,Reserve,1,0.04,pending,,,2026-06-10 22:47:39.129482
628,FMC-001010,DHL-WH-TX03,2023-12-31,Pick_Face,Reserve,1,0.04,pending,,,2026-06-10 22:47:39.129482
366,FMC-001524,DHL-WH-NJ01,2023-12-31,Pick_Face,Reserve,1,0.04,pending,,,2026-06-10 22:47:39.129482
371,CHM-000126,DHL-WH-NJ01,2023-12-31,Pick_Face,Reserve,1,0.04,pending,,,2026-06-10 22:47:39.129482
630,PHM-000446,DHL-WH-TX03,2023-12-31,Pick_Face,Reserve,1,0.04,pending,,,2026-06-10 22:47:39.129482
631,PHM-000458,DHL-WH-TX03,2023-12-31,Pick_Face,Reserve,1,0.04,pending,,,2026-06-10 22:47:39.129482
632,CHM-001888,DHL-WH-TX03,2023-12-31,Pick_Face,Reserve,1,0.04,pending,,,2026-06-10 22:47:39.129482
633,CHM-001091,DHL-WH-TX03,2023-12-31,Pick_Face,Reserve,1,0.04,pending,,,2026-06-10 22:47:39.129482
634,FMC-001704,DHL-WH-TX03,2023-12-31,Pick_Face,Reserve,1,0.04,pending,,,2026-06-10 22:47:39.129482
642,CHM-001533,DHL-WH-TX03,2023-12-31,Pick_Face,Reserve,1,0.04,pending,,,2026-06-10 22:47:39.129482
643,CHM-000525,DHL-WH-TX03,2023-12-31,Pick_Face,Reserve,1,0.04,pending,,,2026-06-10 22:47:39.129482
130,FMC-001690,DHL-WH-IL02,2023-12-31,Pick_Face,Reserve,1,0.04,pending,,,2026-06-10 22:47:39.129482
131,IND-000237,DHL-WH-IL02,2023-12-31,Pick_Face,Reserve,1,0.04,pending,,,2026-06-10 22:47:39.129482
650,FSH-000388,DHL-WH-TX03,2023-12-31,Pick_Face,Reserve,1,0.04,pending,,,2026-06-10 22:47:39.129482
132,AUT-000650,DHL-WH-IL02,2023-12-31,Pick_Face,Reserve,1,0.04,pending,,,2026-06-10 22:47:39.129482
133,ELC-001104,DHL-WH-IL02,2023-12-31,Pick_Face,Reserve,1,0.04,pending,,,2026-06-10 22:47:39.129482
656,HLT-001668,DHL-WH-TX03,2023-12-31,Pick_Face,Reserve,1,0.04,pending,,,2026-06-10 22:47:39.129482
135,FSH-000144,DHL-WH-IL02,2023-12-31,Pick_Face,Reserve,1,0.04,pending,,,2026-06-10 22:47:39.129482
855,FSH-000809,DHL-WH-TX03,2023-12-31,Pick_Face,Reserve,1,0.04,pending,,,2026-06-10 22:47:39.129482
137,AUT-001138,DHL-WH-IL02,2023-12-31,Pick_Face,Reserve,1,0.04,pending,,,2026-06-10 22:47:39.129482
857,FMC-001733,DHL-WH-TX03,2023-12-31,Pick_Face,Reserve,1,0.04,pending,,,2026-06-10 22:47:39.129482
858,FSH-001315,DHL-WH-TX03,2023-12-31,Pick_Face,Reserve,1,0.04,pending,,,2026-06-10 22:47:39.129482
666,PHM-001597,DHL-WH-TX03,2023-12-31,Pick_Face,Reserve,1,0.04,pending,,,2026-06-10 22:47:39.129482
860,CHM-001544,DHL-WH-TX03,2023-12-31,Pick_Face,Reserve,1,0.04,pending,,,2026-06-10 22:47:39.129482
861,ELC-001587,DHL-WH-TX03,2023-12-31,Pick_Face,Reserve,1,0.04,pending,,,2026-06-10 22:47:39.129482
667,CHM-001709,DHL-WH-TX03,2023-12-31,Pick_Face,Reserve,1,0.04,pending,,,2026-06-10 22:47:39.129482
139,AUT-000789,DHL-WH-IL02,2023-12-31,Pick_Face,Reserve,1,0.04,pending,,,2026-06-10 22:47:39.129482
140,CHM-000131,DHL-WH-IL02,2023-12-31,Pick_Face,Reserve,1,0.04,pending,,,2026-06-10 22:47:39.129482
671,FMC-001550,DHL-WH-TX03,2023-12-31,Pick_Face,Reserve,1,0.04,pending,,,2026-06-10 22:47:39.129482
866,HLT-001057,DHL-WH-TX03,2023-12-31,Pick_Face,Reserve,1,0.04,pending,,,2026-06-10 22:47:39.129482
867,CHM-001237,DHL-WH-TX03,2023-12-31,Pick_Face,Reserve,1,0.04,pending,,,2026-06-10 22:47:39.129482
142,PHM-001863,DHL-WH-IL02,2023-12-31,Pick_Face,Reserve,1,0.04,pending,,,2026-06-10 22:47:39.129482
401,PHM-000200,DHL-WH-NJ01,2023-12-31,Pick_Face,Reserve,1,0.04,pending,,,2026-06-10 22:47:39.129482
870,CHM-001821,DHL-WH-TX03,2023-12-31,Pick_Face,Reserve,1,0.04,pending,,,2026-06-10 22:47:39.129482
871,AUT-000846,DHL-WH-TX03,2023-12-31,Pick_Face,Reserve,1,0.04,pending,,,2026-06-10 22:47:39.129482
677,ELC-001980,DHL-WH-TX03,2023-12-31,Pick_Face,Reserve,1,0.04,pending,,,2026-06-10 22:47:39.129482
873,ELC-001067,DHL-WH-TX03,2023-12-31,Pick_Face,Reserve,1,0.04,pending,,,2026-06-10 22:47:39.129482
874,FSH-000801,DHL-WH-TX03,2023-12-31,Pick_Face,Reserve,1,0.04,pending,,,2026-06-10 22:47:39.129482
875,IND-000393,DHL-WH-TX03,2023-12-31,Pick_Face,Reserve,1,0.04,pending,,,2026-06-10 22:47:39.129482
678,FMC-000928,DHL-WH-TX03,2023-12-31,Pick_Face,Reserve,1,0.04,pending,,,2026-06-10 22:47:39.129482
878,PHM-000231,DHL-WH-TX03,2023-12-31,Pick_Face,Reserve,1,0.04,pending,,,2026-06-10 22:47:39.129482
879,HLT-001159,DHL-WH-TX03,2023-12-31,Pick_Face,Reserve,1,0.04,pending,,,2026-06-10 22:47:39.129482
880,FSH-000767,DHL-WH-TX03,2023-12-31,Pick_Face,Reserve,1,0.04,pending,,,2026-06-10 22:47:39.129482
881,FMC-000580,DHL-WH-TX03,2023-12-31,Pick_Face,Reserve,1,0.04,pending,,,2026-06-10 22:47:39.129482
882,IND-001989,DHL-WH-TX03,2023-12-31,Pick_Face,Reserve,1,0.04,pending,,,2026-06-10 22:47:39.129482
